+ echo 'deb [trusted=yes] https://archive.raspberrypi.com/debian/ trixie main'
+ apt-get update
Hit:1 http://deb.debian.org/debian trixie InRelease
Hit:2 http://deb.debian.org/debian trixie-updates InRelease
Hit:3 http://deb.debian.org/debian-security trixie-security InRelease
Get:4 https://archive.raspberrypi.com/debian trixie InRelease [54.9 kB]
Ign:4 https://archive.raspberrypi.com/debian trixie InRelease
Get:5 https://archive.raspberrypi.com/debian trixie/main arm64 Packages [491 kB]
Fetched 546 kB in 1s (572 kB/s)
Reading package lists...
W: OpenPGP signature verification failed: https://archive.raspberrypi.com/debian trixie InRelease: Sub-process /usr/bin/sqv returned an error code (1), error message is: Missing key CF8A1AF502A2AA2D763BAE7E82B129927FA3303E, which is needed to verify signature.
+ apt-get install -y --no-install-recommends build-essential meson ninja-build pkg-config gettext xwayland libwlroots-0.19-dev libwayland-dev wayland-protocols libxkbcommon-dev libxcb1-dev libxcb-ewmh-dev libxcb-icccm4-dev libdrm-dev libxml2-dev libglib2.0-dev libcairo2-dev libpango1.0-dev libinput-dev libpixman-1-dev libpng-dev librsvg2-dev
Reading package lists...
Building dependency tree...
Reading state information...
The following additional packages will be installed:
  binutils binutils-aarch64-linux-gnu binutils-common bzip2 cpp cpp-14
  cpp-14-aarch64-linux-gnu cpp-aarch64-linux-gnu dpkg-dev fontconfig
  fontconfig-config fonts-dejavu-core fonts-dejavu-mono g++ g++-14
  g++-14-aarch64-linux-gnu g++-aarch64-linux-gnu gcc gcc-14
  gcc-14-aarch64-linux-gnu gcc-aarch64-linux-gnu gettext-base
  gir1.2-freedesktop gir1.2-freedesktop-dev gir1.2-gdkpixbuf-2.0
  gir1.2-glib-2.0 gir1.2-glib-2.0-dev gir1.2-gudev-1.0 gir1.2-harfbuzz-0.0
  gir1.2-pango-1.0 gir1.2-rsvg-2.0 girepository-tools icu-devtools libasan8
  libatomic1 libbinutils libblkid-dev libbrotli-dev libbz2-dev libc-bin
  libc-dev-bin libc6 libc6-dev libcairo-gobject2 libcairo-script-interpreter2
  libcairo2 libcap-dev libcc1-0 libcrypt-dev libctf-nobfd0 libctf0
  libdatrie-dev libdatrie1 libdav1d-dev libdav1d7 libdecor-0-0 libdeflate-dev
  libdeflate0 libdisplay-info-dev libdisplay-info2 libdpkg-perl libdrm-amdgpu1
  libdrm-common libdrm-etnaviv1 libdrm-freedreno1 libdrm-intel1
  libdrm-nouveau2 libdrm-radeon1 libdrm-tegra0 libdrm2 libedit2 libegl-dev
  libegl-mesa0 libegl1 libelf1t64 libepoxy0 libevdev-dev libevdev2
  libexpat1-dev libffi-dev libfontconfig-dev libfontconfig1 libfontenc1
  libfreetype-dev libfreetype6 libfribidi-dev libfribidi0 libgbm-dev libgbm1
  libgcc-14-dev libgdk-pixbuf-2.0-0 libgdk-pixbuf-2.0-dev libgdk-pixbuf2.0-bin
  libgdk-pixbuf2.0-common libgio-2.0-dev libgio-2.0-dev-bin
  libgirepository-2.0-0 libgl-dev libgl1 libgl1-mesa-dri libgles-dev libgles1
  libgles2 libgles2-mesa-dev libglib2.0-0t64 libglib2.0-bin libglib2.0-data
  libglib2.0-dev-bin libglvnd-core-dev libglvnd-dev libglvnd0 libglx-dev
  libglx-mesa0 libglx0 libgomp1 libgprofng0 libgraphite2-3 libgraphite2-dev
  libgudev-1.0-0 libgudev-1.0-dev libharfbuzz-cairo0 libharfbuzz-dev
  libharfbuzz-gobject0 libharfbuzz-icu0 libharfbuzz-subset0 libharfbuzz0b
  libhwasan0 libice-dev libice6 libicu-dev libicu76 libinput-bin libinput10
  libisl23 libitm1 libjansson4 libjbig-dev libjbig0 libjpeg-dev
  libjpeg62-turbo libjpeg62-turbo-dev liblcms2-2 liblcms2-dev liblerc-dev
  liblerc4 libliftoff-dev libliftoff0 libllvm19 liblsan0 liblzma-dev liblzma5
  liblzo2-2 libmount-dev libmpc3 libmpfr6 libmtdev-dev libmtdev1t64
  libopengl-dev libopengl0 libpango-1.0-0 libpangocairo-1.0-0
  libpangoft2-1.0-0 libpangoxft-1.0-0 libpciaccess-dev libpciaccess0
  libpcre2-16-0 libpcre2-32-0 libpcre2-dev libpcre2-posix3 libpixman-1-0
  libpkgconf3 libpng16-16t64 libpython3-stdlib libpython3.13-minimal
  libpython3.13-stdlib librsvg2-2 librsvg2-common libseat-dev libseat1
  libselinux1-dev libsensors-config libsensors5 libsepol-dev libsframe1
  libsharpyuv-dev libsharpyuv0 libsm-dev libsm6 libstdc++-14-dev
  libsysprof-capture-4-dev libsystemd-dev libthai-data libthai-dev libthai0
  libtiff-dev libtiff6 libtiffxx6 libtirpc-common libtirpc3t64 libtsan2
  libubsan1 libudev-dev libvulkan-dev libvulkan1 libwacom-common libwacom-dev
  libwacom9 libwayland-bin libwayland-client0 libwayland-cursor0
  libwayland-egl1 libwayland-server0 libwebp-dev libwebp7 libwebpdecoder3
  libwebpdemux2 libwebpmux3 libwlroots-0.19 libx11-6 libx11-data libx11-dev
  libx11-xcb-dev libx11-xcb1 libxau-dev libxau6 libxaw7 libxcb-composite0
  libxcb-composite0-dev libxcb-dri3-0 libxcb-dri3-dev libxcb-errors-dev
  libxcb-errors0 libxcb-ewmh2 libxcb-glx0 libxcb-icccm4 libxcb-image0
  libxcb-image0-dev libxcb-present-dev libxcb-present0 libxcb-randr0
  libxcb-randr0-dev libxcb-render-util0 libxcb-render-util0-dev libxcb-render0
  libxcb-render0-dev libxcb-res0 libxcb-res0-dev libxcb-shape0
  libxcb-shape0-dev libxcb-shm0 libxcb-shm0-dev libxcb-sync-dev libxcb-sync1
  libxcb-util1 libxcb-xfixes0 libxcb-xfixes0-dev libxcb-xinput-dev
  libxcb-xinput0 libxcb1 libxcvt0 libxdmcp-dev libxdmcp6 libxext-dev libxext6
  libxfont2 libxft-dev libxft2 libxkbcommon0 libxkbfile1 libxml2 libxmu6
  libxpm4 libxrandr2 libxrender-dev libxrender1 libxshmfence1 libxt6t64
  libxxf86vm1 libz3-4 libzstd-dev linux-libc-dev make media-types
  mesa-libgallium native-architecture netbase pango1.0-tools patch pkgconf
  pkgconf-bin python3 python3-autocommand python3-inflect
  python3-jaraco.context python3-jaraco.functools python3-jaraco.text
  python3-minimal python3-more-itertools python3-packaging
  python3-pkg-resources python3-setuptools python3-typeguard
  python3-typing-extensions python3-zipp python3.13 python3.13-minimal
  rpcsvc-proto seatd shared-mime-info uuid-dev x11-common x11-xkb-utils
  x11proto-dev xkb-data xorg-sgml-doctools xserver-common xtrans-dev xz-utils
  zlib1g-dev
Suggested packages:
  binutils-doc gprofng-gui binutils-gold bzip2-doc cpp-doc gcc-14-locales
  cpp-14-doc debian-keyring debian-tag2upload-keyring gcc-14-doc gcc-multilib
  manpages-dev autoconf automake libtool flex bison gdb gcc-doc
  gdb-aarch64-linux-gnu autopoint gettext-doc libasprintf-dev libgettextpo-dev
  gnulib-l10n libc-devtools glibc-doc libcairo2-doc libdatrie-doc
  sensible-utils bzr libevdev-doc freetype2-doc libglib2.0-doc libxml2-utils
  low-memory-monitor libgraphite2-utils libice-doc icu-doc liblcms2-utils
  liblzma-doc libpango1.0-doc pciutils librsvg2-bin librsvg2-doc lm-sensors
  libsm-doc libstdc++-14-doc libthai-doc libwacom-bin libwayland-doc
  libx11-doc libxcb-doc libxext-doc make-doc graphicsmagick ed diffutils-doc
  python3-doc python3-tk python3-venv python-setuptools-doc python3.13-venv
  python3.13-doc binfmt-support
Recommended packages:
  fakeroot libalgorithm-merge-perl bzip2-doc manpages manpages-dev
  default-libdecor-0-plugin-1 | libdecor-0-plugin-1 libfile-fcntllock-perl
  liblocale-gettext-perl xdg-user-dirs libpng-tools mesa-vulkan-drivers
  | vulkan-icd xfonts-base xauth
The following NEW packages will be installed:
  binutils binutils-aarch64-linux-gnu binutils-common build-essential bzip2
  cpp cpp-14 cpp-14-aarch64-linux-gnu cpp-aarch64-linux-gnu dpkg-dev
  fontconfig fontconfig-config fonts-dejavu-core fonts-dejavu-mono g++ g++-14
  g++-14-aarch64-linux-gnu g++-aarch64-linux-gnu gcc gcc-14
  gcc-14-aarch64-linux-gnu gcc-aarch64-linux-gnu gettext gettext-base
  gir1.2-freedesktop gir1.2-freedesktop-dev gir1.2-gdkpixbuf-2.0
  gir1.2-glib-2.0 gir1.2-glib-2.0-dev gir1.2-gudev-1.0 gir1.2-harfbuzz-0.0
  gir1.2-pango-1.0 gir1.2-rsvg-2.0 girepository-tools icu-devtools libasan8
  libatomic1 libbinutils libblkid-dev libbrotli-dev libbz2-dev libc-dev-bin
  libc6-dev libcairo-gobject2 libcairo-script-interpreter2 libcairo2
  libcairo2-dev libcap-dev libcc1-0 libcrypt-dev libctf-nobfd0 libctf0
  libdatrie-dev libdatrie1 libdav1d-dev libdav1d7 libdecor-0-0 libdeflate-dev
  libdeflate0 libdisplay-info-dev libdisplay-info2 libdpkg-perl libdrm-amdgpu1
  libdrm-common libdrm-dev libdrm-etnaviv1 libdrm-freedreno1 libdrm-intel1
  libdrm-nouveau2 libdrm-radeon1 libdrm-tegra0 libdrm2 libedit2 libegl-dev
  libegl-mesa0 libegl1 libelf1t64 libepoxy0 libevdev-dev libevdev2
  libexpat1-dev libffi-dev libfontconfig-dev libfontconfig1 libfontenc1
  libfreetype-dev libfreetype6 libfribidi-dev libfribidi0 libgbm-dev libgbm1
  libgcc-14-dev libgdk-pixbuf-2.0-0 libgdk-pixbuf-2.0-dev libgdk-pixbuf2.0-bin
  libgdk-pixbuf2.0-common libgio-2.0-dev libgio-2.0-dev-bin
  libgirepository-2.0-0 libgl-dev libgl1 libgl1-mesa-dri libgles-dev libgles1
  libgles2 libgles2-mesa-dev libglib2.0-0t64 libglib2.0-bin libglib2.0-data
  libglib2.0-dev libglib2.0-dev-bin libglvnd-core-dev libglvnd-dev libglvnd0
  libglx-dev libglx-mesa0 libglx0 libgomp1 libgprofng0 libgraphite2-3
  libgraphite2-dev libgudev-1.0-0 libgudev-1.0-dev libharfbuzz-cairo0
  libharfbuzz-dev libharfbuzz-gobject0 libharfbuzz-icu0 libharfbuzz-subset0
  libharfbuzz0b libhwasan0 libice-dev libice6 libicu-dev libicu76 libinput-bin
  libinput-dev libinput10 libisl23 libitm1 libjansson4 libjbig-dev libjbig0
  libjpeg-dev libjpeg62-turbo libjpeg62-turbo-dev liblcms2-2 liblcms2-dev
  liblerc-dev liblerc4 libliftoff-dev libliftoff0 libllvm19 liblsan0
  liblzma-dev liblzo2-2 libmount-dev libmpc3 libmpfr6 libmtdev-dev
  libmtdev1t64 libopengl-dev libopengl0 libpango-1.0-0 libpango1.0-dev
  libpangocairo-1.0-0 libpangoft2-1.0-0 libpangoxft-1.0-0 libpciaccess-dev
  libpciaccess0 libpcre2-16-0 libpcre2-32-0 libpcre2-dev libpcre2-posix3
  libpixman-1-0 libpixman-1-dev libpkgconf3 libpng-dev libpng16-16t64
  libpython3-stdlib libpython3.13-minimal libpython3.13-stdlib librsvg2-2
  librsvg2-common librsvg2-dev libseat-dev libseat1 libselinux1-dev
  libsensors-config libsensors5 libsepol-dev libsframe1 libsharpyuv-dev
  libsharpyuv0 libsm-dev libsm6 libstdc++-14-dev libsysprof-capture-4-dev
  libsystemd-dev libthai-data libthai-dev libthai0 libtiff-dev libtiff6
  libtiffxx6 libtirpc-common libtirpc3t64 libtsan2 libubsan1 libudev-dev
  libvulkan-dev libvulkan1 libwacom-common libwacom-dev libwacom9
  libwayland-bin libwayland-client0 libwayland-cursor0 libwayland-dev
  libwayland-egl1 libwayland-server0 libwebp-dev libwebp7 libwebpdecoder3
  libwebpdemux2 libwebpmux3 libwlroots-0.19 libwlroots-0.19-dev libx11-6
  libx11-data libx11-dev libx11-xcb-dev libx11-xcb1 libxau-dev libxau6 libxaw7
  libxcb-composite0 libxcb-composite0-dev libxcb-dri3-0 libxcb-dri3-dev
  libxcb-errors-dev libxcb-errors0 libxcb-ewmh-dev libxcb-ewmh2 libxcb-glx0
  libxcb-icccm4 libxcb-icccm4-dev libxcb-image0 libxcb-image0-dev
  libxcb-present-dev libxcb-present0 libxcb-randr0 libxcb-randr0-dev
  libxcb-render-util0 libxcb-render-util0-dev libxcb-render0
  libxcb-render0-dev libxcb-res0 libxcb-res0-dev libxcb-shape0
  libxcb-shape0-dev libxcb-shm0 libxcb-shm0-dev libxcb-sync-dev libxcb-sync1
  libxcb-util1 libxcb-xfixes0 libxcb-xfixes0-dev libxcb-xinput-dev
  libxcb-xinput0 libxcb1 libxcb1-dev libxcvt0 libxdmcp-dev libxdmcp6
  libxext-dev libxext6 libxfont2 libxft-dev libxft2 libxkbcommon-dev
  libxkbcommon0 libxkbfile1 libxml2 libxml2-dev libxmu6 libxpm4 libxrandr2
  libxrender-dev libxrender1 libxshmfence1 libxt6t64 libxxf86vm1 libz3-4
  libzstd-dev linux-libc-dev make media-types mesa-libgallium meson
  native-architecture netbase ninja-build pango1.0-tools patch pkg-config
  pkgconf pkgconf-bin python3 python3-autocommand python3-inflect
  python3-jaraco.context python3-jaraco.functools python3-jaraco.text
  python3-minimal python3-more-itertools python3-packaging
  python3-pkg-resources python3-setuptools python3-typeguard
  python3-typing-extensions python3-zipp python3.13 python3.13-minimal
  rpcsvc-proto seatd shared-mime-info uuid-dev wayland-protocols x11-common
  x11-xkb-utils x11proto-dev xkb-data xorg-sgml-doctools xserver-common
  xtrans-dev xwayland xz-utils zlib1g-dev
The following packages will be upgraded:
  libc-bin libc6 liblzma5
3 upgraded, 338 newly installed, 0 to remove and 3 not upgraded.
Need to get 199 MB of archives.
After this operation, 824 MB of additional disk space will be used.
Get:1 http://deb.debian.org/debian trixie/main arm64 libpython3.13-minimal arm64 3.13.5-2+deb13u5 [856 kB]
Get:2 http://deb.debian.org/debian trixie/main arm64 python3.13-minimal arm64 3.13.5-2+deb13u5 [2008 kB]
Get:3 http://deb.debian.org/debian trixie/main arm64 python3-minimal arm64 3.13.5-1 [27.2 kB]
Get:4 http://deb.debian.org/debian trixie/main arm64 media-types all 13.0.0 [29.3 kB]
Get:5 http://deb.debian.org/debian trixie/main arm64 netbase all 6.5 [12.4 kB]
Get:6 http://deb.debian.org/debian-security trixie-security/main arm64 liblzma5 arm64 5.8.1-1+deb13u2 [303 kB]
Get:7 http://deb.debian.org/debian trixie/main arm64 libpython3.13-stdlib arm64 3.13.5-2+deb13u5 [1895 kB]
Get:8 http://deb.debian.org/debian trixie/main arm64 python3.13 arm64 3.13.5-2+deb13u5 [757 kB]
Get:9 http://deb.debian.org/debian trixie/main arm64 libpython3-stdlib arm64 3.13.5-1 [10.2 kB]
Get:10 http://deb.debian.org/debian trixie/main arm64 python3 arm64 3.13.5-1 [28.2 kB]
Get:11 http://deb.debian.org/debian trixie/main arm64 seatd arm64 0.9.1-1 [26.3 kB]
Get:12 http://deb.debian.org/debian trixie/main arm64 bzip2 arm64 1.0.8-6 [39.5 kB]
Get:13 http://deb.debian.org/debian trixie/main arm64 gettext-base arm64 0.23.1-2 [241 kB]
Get:14 http://deb.debian.org/debian-security trixie-security/main arm64 xz-utils arm64 5.8.1-1+deb13u2 [658 kB]
Get:15 http://deb.debian.org/debian trixie/main arm64 libsframe1 arm64 2.44-3 [77.8 kB]
Get:16 http://deb.debian.org/debian trixie/main arm64 binutils-common arm64 2.44-3 [2509 kB]
Get:17 http://deb.debian.org/debian trixie/main arm64 libbinutils arm64 2.44-3 [660 kB]
Get:18 http://deb.debian.org/debian trixie/main arm64 libgprofng0 arm64 2.44-3 [668 kB]
Get:19 http://deb.debian.org/debian trixie/main arm64 libctf-nobfd0 arm64 2.44-3 [152 kB]
Get:20 http://deb.debian.org/debian trixie/main arm64 libctf0 arm64 2.44-3 [84.2 kB]
Get:21 http://deb.debian.org/debian trixie/main arm64 libjansson4 arm64 2.14-2+b3 [39.2 kB]
Get:22 http://deb.debian.org/debian trixie/main arm64 binutils-aarch64-linux-gnu arm64 2.44-3 [820 kB]
Get:23 http://deb.debian.org/debian trixie/main arm64 binutils arm64 2.44-3 [262 kB]
Get:24 http://deb.debian.org/debian trixie/main arm64 libcrypt-dev arm64 1:4.4.38-1 [123 kB]
Get:25 http://deb.debian.org/debian trixie/main arm64 rpcsvc-proto arm64 1.4.3-1+b1 [60.5 kB]
Get:26 http://deb.debian.org/debian trixie/main arm64 libisl23 arm64 0.27-1 [601 kB]
Get:27 http://deb.debian.org/debian trixie/main arm64 libmpfr6 arm64 4.2.2-1 [685 kB]
Get:28 http://deb.debian.org/debian trixie/main arm64 libmpc3 arm64 1.3.1-1+b3 [50.5 kB]
Get:29 http://deb.debian.org/debian trixie/main arm64 cpp-14-aarch64-linux-gnu arm64 14.2.0-19 [9169 kB]
Get:30 http://deb.debian.org/debian trixie/main arm64 cpp-14 arm64 14.2.0-19 [1276 B]
Get:31 http://deb.debian.org/debian trixie/main arm64 cpp-aarch64-linux-gnu arm64 4:14.2.0-1 [4832 B]
Get:32 http://deb.debian.org/debian trixie/main arm64 cpp arm64 4:14.2.0-1 [1568 B]
Get:33 http://deb.debian.org/debian trixie/main arm64 libcc1-0 arm64 14.2.0-19 [42.2 kB]
Get:34 http://deb.debian.org/debian trixie/main arm64 libgomp1 arm64 14.2.0-19 [124 kB]
Get:35 http://deb.debian.org/debian trixie/main arm64 libitm1 arm64 14.2.0-19 [24.2 kB]
Get:36 http://deb.debian.org/debian trixie/main arm64 libatomic1 arm64 14.2.0-19 [10.1 kB]
Get:37 http://deb.debian.org/debian trixie/main arm64 libasan8 arm64 14.2.0-19 [2578 kB]
Get:38 http://deb.debian.org/debian trixie/main arm64 liblsan0 arm64 14.2.0-19 [1161 kB]
Get:39 http://deb.debian.org/debian trixie/main arm64 libtsan2 arm64 14.2.0-19 [2383 kB]
Get:40 http://deb.debian.org/debian trixie/main arm64 libubsan1 arm64 14.2.0-19 [1039 kB]
Get:41 http://deb.debian.org/debian trixie/main arm64 libhwasan0 arm64 14.2.0-19 [1442 kB]
Get:42 http://deb.debian.org/debian trixie/main arm64 libgcc-14-dev arm64 14.2.0-19 [2359 kB]
Get:43 http://deb.debian.org/debian trixie/main arm64 gcc-14-aarch64-linux-gnu arm64 14.2.0-19 [17.7 MB]
Get:44 https://archive.raspberrypi.com/debian trixie/main arm64 libc6 arm64 2.41-12+rpt1+deb13u4 [5178 kB]
Get:45 http://deb.debian.org/debian trixie/main arm64 gcc-14 arm64 14.2.0-19 [529 kB]
Get:46 http://deb.debian.org/debian trixie/main arm64 gcc-aarch64-linux-gnu arm64 4:14.2.0-1 [1440 B]
Get:47 http://deb.debian.org/debian trixie/main arm64 gcc arm64 4:14.2.0-1 [5136 B]
Get:48 http://deb.debian.org/debian trixie/main arm64 libstdc++-14-dev arm64 14.2.0-19 [2295 kB]
Get:49 http://deb.debian.org/debian trixie/main arm64 g++-14-aarch64-linux-gnu arm64 14.2.0-19 [10.1 MB]
Get:50 http://deb.debian.org/debian trixie/main arm64 g++-14 arm64 14.2.0-19 [22.5 kB]
Get:51 http://deb.debian.org/debian trixie/main arm64 g++-aarch64-linux-gnu arm64 4:14.2.0-1 [1200 B]
Get:52 http://deb.debian.org/debian trixie/main arm64 g++ arm64 4:14.2.0-1 [1332 B]
Get:53 http://deb.debian.org/debian trixie/main arm64 make arm64 4.4.1-2 [452 kB]
Get:54 http://deb.debian.org/debian trixie/main arm64 libdpkg-perl all 1.22.22 [651 kB]
Get:55 http://deb.debian.org/debian trixie/main arm64 patch arm64 2.8-2 [128 kB]
Get:56 http://deb.debian.org/debian trixie/main arm64 dpkg-dev all 1.22.22 [1337 kB]
Get:57 http://deb.debian.org/debian trixie/main arm64 build-essential arm64 12.12 [4624 B]
Get:58 http://deb.debian.org/debian-security trixie-security/main arm64 libpng16-16t64 arm64 1.6.48-1+deb13u6 [275 kB]
Get:59 https://archive.raspberrypi.com/debian trixie/main arm64 libc-bin arm64 2.41-12+rpt1+deb13u4 [766 kB]
Get:60 https://archive.raspberrypi.com/debian trixie/main arm64 libc-dev-bin arm64 2.41-12+rpt1+deb13u4 [63.4 kB]
Get:61 https://archive.raspberrypi.com/debian trixie/main arm64 linux-libc-dev all 1:6.18.50-1+rpt1 [2410 kB]
Get:62 https://archive.raspberrypi.com/debian trixie/main arm64 libc6-dev arm64 2.41-12+rpt1+deb13u4 [2357 kB]
Get:63 https://archive.raspberrypi.com/debian trixie/main arm64 libpixman-1-0 arm64 0.46.4-1+rpt1 [240 kB]
Get:64 https://archive.raspberrypi.com/debian trixie/main arm64 libcairo2 arm64 1.18.4-1+rpt1 [631 kB]
Get:65 https://archive.raspberrypi.com/debian trixie/main arm64 libcairo-gobject2 arm64 1.18.4-1+rpt1 [134 kB]
Get:66 https://archive.raspberrypi.com/debian trixie/main arm64 libcairo-script-interpreter2 arm64 1.18.4-1+rpt1 [72.6 kB]
Get:67 https://archive.raspberrypi.com/debian trixie/main arm64 libpixman-1-dev arm64 0.46.4-1+rpt1 [14.3 kB]
Get:68 https://archive.raspberrypi.com/debian trixie/main arm64 libcairo2-dev arm64 1.18.4-1+rpt1 [49.8 kB]
Get:69 https://archive.raspberrypi.com/debian trixie/main arm64 libwayland-client0 arm64 1.24.0-2~bpo13+1~rpt1 [33.5 kB]
Get:70 https://archive.raspberrypi.com/debian trixie/main arm64 libdrm-common all 2.4.134-3~bpo13+1+rpt1 [11.0 kB]
Get:71 https://archive.raspberrypi.com/debian trixie/main arm64 libdrm2 arm64 2.4.134-3~bpo13+1+rpt1 [48.4 kB]
Get:72 https://archive.raspberrypi.com/debian trixie/main arm64 libdrm-amdgpu1 arm64 2.4.134-3~bpo13+1+rpt1 [28.3 kB]
Get:73 https://archive.raspberrypi.com/debian trixie/main arm64 libdrm-intel1 arm64 2.4.134-3~bpo13+1+rpt1 [74.9 kB]
Get:74 https://archive.raspberrypi.com/debian trixie/main arm64 libdrm-radeon1 arm64 2.4.134-3~bpo13+1+rpt1 [26.2 kB]
Get:75 https://archive.raspberrypi.com/debian trixie/main arm64 libdrm-nouveau2 arm64 2.4.134-3~bpo13+1+rpt1 [23.4 kB]
Get:76 https://archive.raspberrypi.com/debian trixie/main arm64 libdrm-freedreno1 arm64 2.4.134-3~bpo13+1+rpt1 [25.8 kB]
Get:77 https://archive.raspberrypi.com/debian trixie/main arm64 libdrm-tegra0 arm64 2.4.134-3~bpo13+1+rpt1 [14.4 kB]
Get:78 https://archive.raspberrypi.com/debian trixie/main arm64 libdrm-etnaviv1 arm64 2.4.134-3~bpo13+1+rpt1 [17.7 kB]
Get:79 https://archive.raspberrypi.com/debian trixie/main arm64 libdrm-dev arm64 2.4.134-3~bpo13+1+rpt1 [441 kB]
Get:80 https://archive.raspberrypi.com/debian trixie/main arm64 mesa-libgallium arm64 26.2.2-1~bpo13+0~rpt1 [16.7 MB]
Get:81 https://archive.raspberrypi.com/debian trixie/main arm64 libwayland-server0 arm64 1.24.0-2~bpo13+1~rpt1 [42.4 kB]
Get:82 https://archive.raspberrypi.com/debian trixie/main arm64 libgbm1 arm64 26.2.2-1~bpo13+0~rpt1 [65.2 kB]
Get:83 https://archive.raspberrypi.com/debian trixie/main arm64 libegl-mesa0 arm64 26.2.2-1~bpo13+0~rpt1 [165 kB]
Get:84 https://archive.raspberrypi.com/debian trixie/main arm64 libgl1-mesa-dri arm64 26.2.2-1~bpo13+0~rpt1 [53.2 kB]
Get:85 https://archive.raspberrypi.com/debian trixie/main arm64 libglx-mesa0 arm64 26.2.2-1~bpo13+0~rpt1 [152 kB]
Get:86 https://archive.raspberrypi.com/debian trixie/main arm64 libgbm-dev arm64 26.2.2-1~bpo13+0~rpt1 [31.1 kB]
Get:87 https://archive.raspberrypi.com/debian trixie/main arm64 libgles2-mesa-dev arm64 26.2.2-1~bpo13+0~rpt1 [22.2 kB]
Get:88 https://archive.raspberrypi.com/debian trixie/main arm64 libinput-bin arm64 1.28.1-1+rpt1+deb13u1 [34.3 kB]
Get:89 https://archive.raspberrypi.com/debian trixie/main arm64 libinput10 arm64 1.28.1-1+rpt1+deb13u1 [166 kB]
Get:90 https://archive.raspberrypi.com/debian trixie/main arm64 libinput-dev arm64 1.28.1-1+rpt1+deb13u1 [42.8 kB]
Get:91 https://archive.raspberrypi.com/debian trixie/main arm64 libliftoff0 arm64 0.5.0-1.1+rpt6 [20.2 kB]
Get:92 https://archive.raspberrypi.com/debian trixie/main arm64 libliftoff-dev arm64 0.5.0-1.1+rpt6 [5766 B]
Get:93 https://archive.raspberrypi.com/debian trixie/main arm64 libwayland-bin arm64 1.24.0-2~bpo13+1~rpt1 [24.8 kB]
Get:94 https://archive.raspberrypi.com/debian trixie/main arm64 libwayland-cursor0 arm64 1.24.0-2~bpo13+1~rpt1 [13.9 kB]
Get:95 https://archive.raspberrypi.com/debian trixie/main arm64 libwayland-egl1 arm64 1.24.0-2~bpo13+1~rpt1 [6772 B]
Get:96 https://archive.raspberrypi.com/debian trixie/main arm64 libwayland-dev arm64 1.24.0-2~bpo13+1~rpt1 [131 kB]
Get:97 https://archive.raspberrypi.com/debian trixie/main arm64 libxkbcommon0 arm64 1.13.1-1~bpo13+1+rpt1 [175 kB]
Get:98 https://archive.raspberrypi.com/debian trixie/main arm64 libwlroots-0.19 arm64 0.19.1-1+rpt5 [499 kB]
Get:99 https://archive.raspberrypi.com/debian trixie/main arm64 libxkbcommon-dev arm64 1.13.1-1~bpo13+1+rpt1 [80.0 kB]
Get:100 https://archive.raspberrypi.com/debian trixie/main arm64 wayland-protocols all 1.47-1~bpo13+1~rpt1 [202 kB]
Get:101 https://archive.raspberrypi.com/debian trixie/main arm64 libwlroots-0.19-dev arm64 0.19.1-1+rpt5 [94.8 kB]
Get:102 https://archive.raspberrypi.com/debian trixie/main arm64 xserver-common all 2:21.1.16-1.3+rpt1+deb13u4 [2416 kB]
Get:103 https://archive.raspberrypi.com/debian trixie/main arm64 xwayland arm64 2:24.1.6-1+rpt1 [1093 kB]
Get:104 http://deb.debian.org/debian trixie/main arm64 libfreetype6 arm64 2.13.3+dfsg-1+deb13u1 [422 kB]
Get:105 http://deb.debian.org/debian trixie/main arm64 fonts-dejavu-mono all 2.37-8 [489 kB]
Get:106 http://deb.debian.org/debian trixie/main arm64 fonts-dejavu-core all 2.37-8 [840 kB]
Get:107 http://deb.debian.org/debian trixie/main arm64 fontconfig-config arm64 2.15.0-2.3 [318 kB]
Get:108 http://deb.debian.org/debian trixie/main arm64 libfontconfig1 arm64 2.15.0-2.3 [387 kB]
Get:109 http://deb.debian.org/debian trixie/main arm64 fontconfig arm64 2.15.0-2.3 [463 kB]
Get:110 http://deb.debian.org/debian trixie/main arm64 libxml2 arm64 2.12.7+dfsg+really2.9.14-2.1+deb13u3 [631 kB]
Get:111 http://deb.debian.org/debian trixie/main arm64 gettext arm64 0.23.1-2 [1611 kB]
Get:112 http://deb.debian.org/debian trixie/main arm64 libglib2.0-0t64 arm64 2.84.4-3~deb13u5 [1429 kB]
Get:113 http://deb.debian.org/debian trixie/main arm64 gir1.2-glib-2.0 arm64 2.84.4-3~deb13u5 [201 kB]
Get:114 http://deb.debian.org/debian trixie/main arm64 libxau6 arm64 1:1.0.11-1 [20.6 kB]
Get:115 http://deb.debian.org/debian trixie/main arm64 libxdmcp6 arm64 1:1.1.5-1 [27.8 kB]
Get:116 http://deb.debian.org/debian trixie/main arm64 libxcb1 arm64 1.17.0-2+b1 [143 kB]
Get:117 http://deb.debian.org/debian trixie/main arm64 libx11-data all 2:1.8.12-1 [343 kB]
Get:118 http://deb.debian.org/debian trixie/main arm64 libx11-6 arm64 2:1.8.12-1 [795 kB]
Get:119 http://deb.debian.org/debian trixie/main arm64 libxcb-render0 arm64 1.17.0-2+b1 [115 kB]
Get:120 http://deb.debian.org/debian trixie/main arm64 libxcb-shm0 arm64 1.17.0-2+b1 [105 kB]
Get:121 http://deb.debian.org/debian trixie/main arm64 libxext6 arm64 2:1.3.4-1+b3 [49.2 kB]
Get:122 http://deb.debian.org/debian trixie/main arm64 libxrender1 arm64 1:0.9.12-1 [27.0 kB]
Get:123 http://deb.debian.org/debian trixie/main arm64 gir1.2-freedesktop arm64 1.84.0-1 [60.5 kB]
Get:124 http://deb.debian.org/debian trixie/main arm64 gir1.2-glib-2.0-dev arm64 2.84.4-3~deb13u5 [918 kB]
Get:125 http://deb.debian.org/debian trixie/main arm64 gir1.2-freedesktop-dev arm64 1.84.0-1 [51.6 kB]
Get:126 http://deb.debian.org/debian trixie/main arm64 libgdk-pixbuf2.0-common all 2.42.12+dfsg-4+deb13u1 [312 kB]
Get:127 http://deb.debian.org/debian trixie/main arm64 shared-mime-info arm64 2.4-5+b2 [756 kB]
Get:128 http://deb.debian.org/debian trixie/main arm64 libjpeg62-turbo arm64 1:2.1.5-4 [173 kB]
Get:129 http://deb.debian.org/debian trixie/main arm64 libdeflate0 arm64 1.23-2 [42.4 kB]
Get:130 http://deb.debian.org/debian trixie/main arm64 libjbig0 arm64 2.1-6.1+b2 [30.4 kB]
Get:131 http://deb.debian.org/debian trixie/main arm64 liblerc4 arm64 4.0.0+ds-5 [146 kB]
Get:132 http://deb.debian.org/debian trixie/main arm64 libsharpyuv0 arm64 1.5.0-0.1 [114 kB]
Get:133 http://deb.debian.org/debian trixie/main arm64 libwebp7 arm64 1.5.0-0.1 [271 kB]
Get:134 http://deb.debian.org/debian trixie/main arm64 libtiff6 arm64 4.7.0-3+deb13u3 [325 kB]
Get:135 http://deb.debian.org/debian trixie/main arm64 libgdk-pixbuf-2.0-0 arm64 2.42.12+dfsg-4+deb13u1 [131 kB]
Get:136 http://deb.debian.org/debian trixie/main arm64 gir1.2-gdkpixbuf-2.0 arm64 2.42.12+dfsg-4+deb13u1 [14.5 kB]
Get:137 http://deb.debian.org/debian trixie/main arm64 libgudev-1.0-0 arm64 238-6 [13.7 kB]
Get:138 http://deb.debian.org/debian trixie/main arm64 gir1.2-gudev-1.0 arm64 238-6 [5156 B]
Get:139 http://deb.debian.org/debian trixie/main arm64 libgraphite2-3 arm64 1.3.14-2+deb13u1 [70.3 kB]
Get:140 http://deb.debian.org/debian trixie/main arm64 libharfbuzz0b arm64 10.2.0-1+deb13u1 [442 kB]
Get:141 http://deb.debian.org/debian trixie/main arm64 libharfbuzz-gobject0 arm64 10.2.0-1+deb13u1 [32.1 kB]
Get:142 http://deb.debian.org/debian trixie/main arm64 gir1.2-harfbuzz-0.0 arm64 10.2.0-1+deb13u1 [42.1 kB]
Get:143 http://deb.debian.org/debian trixie/main arm64 libfribidi0 arm64 1.0.16-1 [26.5 kB]
Get:144 http://deb.debian.org/debian trixie/main arm64 libthai-data all 0.1.29-2 [168 kB]
Get:145 http://deb.debian.org/debian trixie/main arm64 libdatrie1 arm64 0.2.13-3+b1 [37.6 kB]
Get:146 http://deb.debian.org/debian trixie/main arm64 libthai0 arm64 0.1.29-2+b1 [48.4 kB]
Get:147 http://deb.debian.org/debian trixie/main arm64 libpango-1.0-0 arm64 1.56.3-1 [213 kB]
Get:148 http://deb.debian.org/debian trixie/main arm64 libpangoft2-1.0-0 arm64 1.56.3-1 [52.9 kB]
Get:149 http://deb.debian.org/debian trixie/main arm64 libpangocairo-1.0-0 arm64 1.56.3-1 [33.7 kB]
Get:150 http://deb.debian.org/debian trixie/main arm64 libxft2 arm64 2.3.6-1+b4 [51.6 kB]
Get:151 http://deb.debian.org/debian trixie/main arm64 libpangoxft-1.0-0 arm64 1.56.3-1 [27.1 kB]
Get:152 http://deb.debian.org/debian trixie/main arm64 gir1.2-pango-1.0 arm64 1.56.3-1 [39.1 kB]
Get:153 http://deb.debian.org/debian trixie/main arm64 libdav1d7 arm64 1.5.1-1 [252 kB]
Get:154 http://deb.debian.org/debian trixie/main arm64 librsvg2-2 arm64 2.60.0+dfsg-1 [1588 kB]
Get:155 http://deb.debian.org/debian trixie/main arm64 gir1.2-rsvg-2.0 arm64 2.60.0+dfsg-1 [17.2 kB]
Get:156 http://deb.debian.org/debian trixie/main arm64 native-architecture all 0.2.6 [2264 B]
Get:157 http://deb.debian.org/debian trixie/main arm64 libgirepository-2.0-0 arm64 2.84.4-3~deb13u5 [136 kB]
Get:158 http://deb.debian.org/debian trixie/main arm64 girepository-tools arm64 2.84.4-3~deb13u5 [141 kB]
Get:159 http://deb.debian.org/debian trixie/main arm64 libicu76 arm64 76.1-4 [9524 kB]
Get:160 http://deb.debian.org/debian trixie/main arm64 icu-devtools arm64 76.1-4 [200 kB]
Get:161 http://deb.debian.org/debian trixie/main arm64 uuid-dev arm64 2.41.5-0+deb13u1 [49.7 kB]
Get:162 http://deb.debian.org/debian trixie/main arm64 libblkid-dev arm64 2.41.5-0+deb13u1 [212 kB]
Get:163 http://deb.debian.org/debian trixie/main arm64 libbrotli-dev arm64 1.1.0-2+b7 [308 kB]
Get:164 http://deb.debian.org/debian trixie/main arm64 libbz2-dev arm64 1.0.8-6 [31.9 kB]
Get:165 http://deb.debian.org/debian trixie/main arm64 liblzo2-2 arm64 2.10-3+b1 [49.6 kB]
Get:166 http://deb.debian.org/debian trixie/main arm64 libexpat1-dev arm64 2.8.3-1~deb13u1 [163 kB]
Get:167 http://deb.debian.org/debian trixie/main arm64 zlib1g-dev arm64 1:1.3.dfsg+really1.3.1-1+b1 [917 kB]
Get:168 http://deb.debian.org/debian-security trixie-security/main arm64 libpng-dev arm64 1.6.48-1+deb13u6 [361 kB]
Get:169 http://deb.debian.org/debian trixie/main arm64 libfreetype-dev arm64 2.13.3+dfsg-1+deb13u1 [600 kB]
Get:170 http://deb.debian.org/debian trixie/main arm64 libpkgconf3 arm64 1.8.1-4 [35.3 kB]
Get:171 http://deb.debian.org/debian trixie/main arm64 pkgconf-bin arm64 1.8.1-4 [29.6 kB]
Get:172 http://deb.debian.org/debian trixie/main arm64 pkgconf arm64 1.8.1-4 [26.1 kB]
Get:173 http://deb.debian.org/debian trixie/main arm64 libfontconfig-dev arm64 2.15.0-2.3 [412 kB]
Get:174 http://deb.debian.org/debian trixie/main arm64 libffi-dev arm64 3.4.8-2 [57.2 kB]
Get:175 http://deb.debian.org/debian trixie/main arm64 libsepol-dev arm64 3.8.1-1 [356 kB]
Get:176 http://deb.debian.org/debian-security trixie-security/main arm64 libpcre2-16-0 arm64 10.46-1~deb13u3 [247 kB]
Get:177 http://deb.debian.org/debian-security trixie-security/main arm64 libpcre2-32-0 arm64 10.46-1~deb13u3 [238 kB]
Get:178 http://deb.debian.org/debian-security trixie-security/main arm64 libpcre2-posix3 arm64 10.46-1~deb13u3 [64.3 kB]
Get:179 http://deb.debian.org/debian-security trixie-security/main arm64 libpcre2-dev arm64 10.46-1~deb13u3 [757 kB]
Get:180 http://deb.debian.org/debian trixie/main arm64 libselinux1-dev arm64 3.8.1-1 [172 kB]
Get:181 http://deb.debian.org/debian trixie/main arm64 libmount-dev arm64 2.41.5-0+deb13u1 [30.7 kB]
Get:182 http://deb.debian.org/debian trixie/main arm64 libsysprof-capture-4-dev arm64 48.0-2 [49.6 kB]
Get:183 http://deb.debian.org/debian trixie/main arm64 libgio-2.0-dev arm64 2.84.4-3~deb13u5 [1710 kB]
Get:184 http://deb.debian.org/debian trixie/main arm64 libglib2.0-data all 2.84.4-3~deb13u5 [1287 kB]
Get:185 http://deb.debian.org/debian trixie/main arm64 libelf1t64 arm64 0.192-4 [189 kB]
Get:186 http://deb.debian.org/debian trixie/main arm64 libglib2.0-bin arm64 2.84.4-3~deb13u5 [128 kB]
Get:187 http://deb.debian.org/debian trixie/main arm64 python3-packaging all 25.0-1 [56.6 kB]
Get:188 http://deb.debian.org/debian trixie/main arm64 libgio-2.0-dev-bin arm64 2.84.4-3~deb13u5 [167 kB]
Get:189 http://deb.debian.org/debian trixie/main arm64 libglib2.0-dev-bin arm64 2.84.4-3~deb13u5 [56.9 kB]
Get:190 http://deb.debian.org/debian trixie/main arm64 libglib2.0-dev arm64 2.84.4-3~deb13u5 [57.7 kB]
Get:191 http://deb.debian.org/debian trixie/main arm64 x11-common all 1:7.7+24+deb13u1 [217 kB]
Get:192 http://deb.debian.org/debian trixie/main arm64 libice6 arm64 2:1.1.1-1 [62.1 kB]
Get:193 http://deb.debian.org/debian trixie/main arm64 libsm6 arm64 2:1.2.6-1 [36.4 kB]
Get:194 http://deb.debian.org/debian trixie/main arm64 xorg-sgml-doctools all 1:1.11-1.1 [22.1 kB]
Get:195 http://deb.debian.org/debian trixie/main arm64 x11proto-dev all 2024.1-1 [603 kB]
Get:196 http://deb.debian.org/debian trixie/main arm64 libice-dev arm64 2:1.1.1-1 [73.0 kB]
Get:197 http://deb.debian.org/debian trixie/main arm64 libsm-dev arm64 2:1.2.6-1 [40.2 kB]
Get:198 http://deb.debian.org/debian trixie/main arm64 libxau-dev arm64 1:1.0.11-1 [23.9 kB]
Get:199 http://deb.debian.org/debian trixie/main arm64 libxdmcp-dev arm64 1:1.1.5-1 [44.2 kB]
Get:200 http://deb.debian.org/debian trixie/main arm64 xtrans-dev all 1.4.0-1 [98.7 kB]
Get:201 http://deb.debian.org/debian trixie/main arm64 libxcb1-dev arm64 1.17.0-2+b1 [182 kB]
Get:202 http://deb.debian.org/debian trixie/main arm64 libx11-dev arm64 2:1.8.12-1 [883 kB]
Get:203 http://deb.debian.org/debian trixie/main arm64 libxcb-render0-dev arm64 1.17.0-2+b1 [119 kB]
Get:204 http://deb.debian.org/debian trixie/main arm64 libxcb-shm0-dev arm64 1.17.0-2+b1 [108 kB]
Get:205 http://deb.debian.org/debian trixie/main arm64 libxext-dev arm64 2:1.3.4-1+b3 [105 kB]
Get:206 http://deb.debian.org/debian trixie/main arm64 libxrender-dev arm64 1:0.9.12-1 [38.8 kB]
Get:207 http://deb.debian.org/debian trixie/main arm64 libcap-dev arm64 1:2.75-10+deb13u1+b3 [471 kB]
Get:208 http://deb.debian.org/debian trixie/main arm64 libdatrie-dev arm64 0.2.13-3+b1 [18.5 kB]
Get:209 http://deb.debian.org/debian trixie/main arm64 libdav1d-dev arm64 1.5.1-1 [26.6 kB]
Get:210 http://deb.debian.org/debian trixie/main arm64 libdecor-0-0 arm64 0.2.2-2 [15.2 kB]
Get:211 http://deb.debian.org/debian trixie/main arm64 libdeflate-dev arm64 1.23-2 [51.3 kB]
Get:212 http://deb.debian.org/debian trixie/main arm64 libdisplay-info2 arm64 0.2.0-2 [75.5 kB]
Get:213 http://deb.debian.org/debian trixie/main arm64 libdisplay-info-dev arm64 0.2.0-2 [26.1 kB]
Get:214 http://deb.debian.org/debian trixie/main arm64 libpciaccess0 arm64 0.17-3+b3 [51.2 kB]
Get:215 http://deb.debian.org/debian trixie/main arm64 libpciaccess-dev arm64 0.17-3+b3 [56.0 kB]
Get:216 http://deb.debian.org/debian trixie/main arm64 libedit2 arm64 3.1-20250104-1 [89.3 kB]
Get:217 http://deb.debian.org/debian trixie/main arm64 libglvnd0 arm64 1.7.0-1+b2 [41.6 kB]
Get:218 http://deb.debian.org/debian trixie/main arm64 libz3-4 arm64 4.13.3-1 [7507 kB]
Get:219 http://deb.debian.org/debian trixie/main arm64 libllvm19 arm64 1:19.1.7-3+b1 [23.3 MB]
Get:220 http://deb.debian.org/debian trixie/main arm64 libsensors-config all 1:3.6.2-2 [16.2 kB]
Get:221 http://deb.debian.org/debian trixie/main arm64 libsensors5 arm64 1:3.6.2-2 [36.4 kB]
Get:222 http://deb.debian.org/debian trixie/main arm64 libx11-xcb1 arm64 2:1.8.12-1 [247 kB]
Get:223 http://deb.debian.org/debian trixie/main arm64 libxcb-dri3-0 arm64 1.17.0-2+b1 [107 kB]
Get:224 http://deb.debian.org/debian trixie/main arm64 libxcb-present0 arm64 1.17.0-2+b1 [106 kB]
Get:225 http://deb.debian.org/debian trixie/main arm64 libxcb-randr0 arm64 1.17.0-2+b1 [117 kB]
Get:226 http://deb.debian.org/debian trixie/main arm64 libxcb-sync1 arm64 1.17.0-2+b1 [109 kB]
Get:227 http://deb.debian.org/debian trixie/main arm64 libxcb-xfixes0 arm64 1.17.0-2+b1 [110 kB]
Get:228 http://deb.debian.org/debian trixie/main arm64 libxshmfence1 arm64 1.3.3-1 [11.1 kB]
Get:229 http://deb.debian.org/debian trixie/main arm64 libegl1 arm64 1.7.0-1+b2 [34.0 kB]
Get:230 http://deb.debian.org/debian trixie/main arm64 libvulkan1 arm64 1.4.309.0-1 [127 kB]
Get:231 http://deb.debian.org/debian trixie/main arm64 libxcb-glx0 arm64 1.17.0-2+b1 [123 kB]
Get:232 http://deb.debian.org/debian trixie/main arm64 libxxf86vm1 arm64 1:1.1.4-1+b4 [19.2 kB]
Get:233 http://deb.debian.org/debian trixie/main arm64 libglx0 arm64 1.7.0-1+b2 [31.1 kB]
Get:234 http://deb.debian.org/debian trixie/main arm64 libgl1 arm64 1.7.0-1+b2 [90.9 kB]
Get:235 http://deb.debian.org/debian trixie/main arm64 libglx-dev arm64 1.7.0-1+b2 [15.8 kB]
Get:236 http://deb.debian.org/debian trixie/main arm64 libgl-dev arm64 1.7.0-1+b2 [101 kB]
Get:237 http://deb.debian.org/debian trixie/main arm64 libegl-dev arm64 1.7.0-1+b2 [19.5 kB]
Get:238 http://deb.debian.org/debian trixie/main arm64 libepoxy0 arm64 1.5.10-2 [200 kB]
Get:239 http://deb.debian.org/debian trixie/main arm64 libevdev2 arm64 1.13.4+dfsg-1 [30.4 kB]
Get:240 http://deb.debian.org/debian trixie/main arm64 libevdev-dev arm64 1.13.4+dfsg-1 [49.9 kB]
Get:241 http://deb.debian.org/debian trixie/main arm64 libfontenc1 arm64 1:1.1.8-1+b2 [22.5 kB]
Get:242 http://deb.debian.org/debian trixie/main arm64 libfribidi-dev arm64 1.0.16-1 [65.9 kB]
Get:243 http://deb.debian.org/debian trixie/main arm64 libgdk-pixbuf2.0-bin arm64 2.42.12+dfsg-4+deb13u1 [19.2 kB]
Get:244 http://deb.debian.org/debian trixie/main arm64 libjpeg62-turbo-dev arm64 1:2.1.5-4 [293 kB]
Get:245 http://deb.debian.org/debian trixie/main arm64 libjpeg-dev arm64 1:2.1.5-4 [72.2 kB]
Get:246 http://deb.debian.org/debian trixie/main arm64 libjbig-dev arm64 2.1-6.1+b2 [30.5 kB]
Get:247 http://deb.debian.org/debian-security trixie-security/main arm64 liblzma-dev arm64 5.8.1-1+deb13u2 [345 kB]
Get:248 http://deb.debian.org/debian trixie/main arm64 libzstd-dev arm64 1.5.7+dfsg-1 [335 kB]
Get:249 http://deb.debian.org/debian trixie/main arm64 libwebpdemux2 arm64 1.5.0-0.1 [113 kB]
Get:250 http://deb.debian.org/debian trixie/main arm64 libwebpmux3 arm64 1.5.0-0.1 [125 kB]
Get:251 http://deb.debian.org/debian trixie/main arm64 libwebpdecoder3 arm64 1.5.0-0.1 [182 kB]
Get:252 http://deb.debian.org/debian trixie/main arm64 libsharpyuv-dev arm64 1.5.0-0.1 [118 kB]
Get:253 http://deb.debian.org/debian trixie/main arm64 libwebp-dev arm64 1.5.0-0.1 [406 kB]
Get:254 http://deb.debian.org/debian trixie/main arm64 libtiffxx6 arm64 4.7.0-3+deb13u3 [164 kB]
Get:255 http://deb.debian.org/debian trixie/main arm64 liblerc-dev arm64 4.0.0+ds-5 [164 kB]
Get:256 http://deb.debian.org/debian trixie/main arm64 libtiff-dev arm64 4.7.0-3+deb13u3 [472 kB]
Get:257 http://deb.debian.org/debian trixie/main arm64 libgdk-pixbuf-2.0-dev arm64 2.42.12+dfsg-4+deb13u1 [52.9 kB]
Get:258 http://deb.debian.org/debian trixie/main arm64 libgles1 arm64 1.7.0-1+b2 [12.6 kB]
Get:259 http://deb.debian.org/debian trixie/main arm64 libgles2 arm64 1.7.0-1+b2 [18.0 kB]
Get:260 http://deb.debian.org/debian trixie/main arm64 libgles-dev arm64 1.7.0-1+b2 [50.8 kB]
Get:261 http://deb.debian.org/debian trixie/main arm64 libglvnd-core-dev arm64 1.7.0-1+b2 [13.4 kB]
Get:262 http://deb.debian.org/debian trixie/main arm64 libopengl0 arm64 1.7.0-1+b2 [32.1 kB]
Get:263 http://deb.debian.org/debian trixie/main arm64 libopengl-dev arm64 1.7.0-1+b2 [5376 B]
Get:264 http://deb.debian.org/debian trixie/main arm64 libglvnd-dev arm64 1.7.0-1+b2 [5144 B]
Get:265 http://deb.debian.org/debian trixie/main arm64 libgraphite2-dev arm64 1.3.14-2+deb13u1 [20.1 kB]
Get:266 http://deb.debian.org/debian trixie/main arm64 libudev-dev arm64 257.13-1~deb13u1 [75.2 kB]
Get:267 http://deb.debian.org/debian trixie/main arm64 libgudev-1.0-dev arm64 238-6 [28.9 kB]
Get:268 http://deb.debian.org/debian trixie/main arm64 libharfbuzz-cairo0 arm64 10.2.0-1+deb13u1 [42.6 kB]
Get:269 http://deb.debian.org/debian trixie/main arm64 libharfbuzz-icu0 arm64 10.2.0-1+deb13u1 [15.7 kB]
Get:270 http://deb.debian.org/debian trixie/main arm64 libharfbuzz-subset0 arm64 10.2.0-1+deb13u1 [509 kB]
Get:271 http://deb.debian.org/debian trixie/main arm64 libicu-dev arm64 76.1-4 [10.6 MB]
Get:272 http://deb.debian.org/debian trixie/main arm64 libharfbuzz-dev arm64 10.2.0-1+deb13u1 [145 kB]
Get:273 http://deb.debian.org/debian trixie/main arm64 libwacom-common all 2.14.0-1 [103 kB]
Get:274 http://deb.debian.org/debian trixie/main arm64 libwacom9 arm64 2.14.0-1 [24.2 kB]
Get:275 http://deb.debian.org/debian trixie/main arm64 libmtdev1t64 arm64 1.1.7-1 [22.5 kB]
Get:276 http://deb.debian.org/debian trixie/main arm64 libmtdev-dev arm64 1.1.7-1 [23.2 kB]
Get:277 http://deb.debian.org/debian trixie/main arm64 libwacom-dev arm64 2.14.0-1 [10.7 kB]
Get:278 http://deb.debian.org/debian trixie/main arm64 liblcms2-2 arm64 2.16-2+deb13u2 [152 kB]
Get:279 http://deb.debian.org/debian trixie/main arm64 liblcms2-dev arm64 2.16-2+deb13u2 [2181 kB]
Get:280 http://deb.debian.org/debian trixie/main arm64 libthai-dev arm64 0.1.29-2+b1 [24.0 kB]
Get:281 http://deb.debian.org/debian trixie/main arm64 libxft-dev arm64 2.3.6-1+b4 [72.0 kB]
Get:282 http://deb.debian.org/debian trixie/main arm64 pango1.0-tools arm64 1.56.3-1 [43.0 kB]
Get:283 http://deb.debian.org/debian trixie/main arm64 libpango1.0-dev arm64 1.56.3-1 [156 kB]
Get:284 http://deb.debian.org/debian trixie/main arm64 librsvg2-common arm64 2.60.0+dfsg-1 [139 kB]
Get:285 http://deb.debian.org/debian trixie/main arm64 libxml2-dev arm64 2.12.7+dfsg+really2.9.14-2.1+deb13u3 [753 kB]
Get:286 http://deb.debian.org/debian trixie/main arm64 librsvg2-dev arm64 2.60.0+dfsg-1 [39.9 kB]
Get:287 http://deb.debian.org/debian trixie/main arm64 libseat1 arm64 0.9.1-1 [26.5 kB]
Get:288 http://deb.debian.org/debian trixie/main arm64 libseat-dev arm64 0.9.1-1 [6584 B]
Get:289 http://deb.debian.org/debian trixie/main arm64 libsystemd-dev arm64 257.13-1~deb13u1 [1373 kB]
Get:290 http://deb.debian.org/debian trixie/main arm64 libtirpc-common all 1.3.6+ds-1 [11.0 kB]
Get:291 http://deb.debian.org/debian trixie/main arm64 libtirpc3t64 arm64 1.3.6+ds-1 [79.1 kB]
Get:292 http://deb.debian.org/debian trixie/main arm64 libvulkan-dev arm64 1.4.309.0-1 [1556 kB]
Get:293 http://deb.debian.org/debian trixie/main arm64 libxcb-composite0 arm64 1.17.0-2+b1 [105 kB]
Get:294 http://deb.debian.org/debian trixie/main arm64 libxcb-errors0 arm64 1.0.1-4 [17.4 kB]
Get:295 http://deb.debian.org/debian trixie/main arm64 libxcb-ewmh2 arm64 0.4.2-1 [32.5 kB]
Get:296 http://deb.debian.org/debian trixie/main arm64 libxcb-icccm4 arm64 0.4.2-1 [27.2 kB]
Get:297 http://deb.debian.org/debian trixie/main arm64 libxcb-render-util0 arm64 0.3.10-1 [18.5 kB]
Get:298 http://deb.debian.org/debian trixie/main arm64 libxcb-res0 arm64 1.17.0-2+b1 [106 kB]
Get:299 http://deb.debian.org/debian trixie/main arm64 libxcb-xinput0 arm64 1.17.0-2+b1 [130 kB]
Get:300 http://deb.debian.org/debian trixie/main arm64 xkb-data all 2.42-1 [790 kB]
Get:301 http://deb.debian.org/debian trixie/main arm64 libx11-xcb-dev arm64 2:1.8.12-1 [249 kB]
Get:302 http://deb.debian.org/debian trixie/main arm64 libxcb-shape0 arm64 1.17.0-2+b1 [106 kB]
Get:303 http://deb.debian.org/debian trixie/main arm64 libxcb-shape0-dev arm64 1.17.0-2+b1 [107 kB]
Get:304 http://deb.debian.org/debian trixie/main arm64 libxcb-xfixes0-dev arm64 1.17.0-2+b1 [113 kB]
Get:305 http://deb.debian.org/debian trixie/main arm64 libxcb-composite0-dev arm64 1.17.0-2+b1 [107 kB]
Get:306 http://deb.debian.org/debian trixie/main arm64 libxcb-dri3-dev arm64 1.17.0-2+b1 [109 kB]
Get:307 http://deb.debian.org/debian trixie/main arm64 libxcb-errors-dev arm64 1.0.1-4 [18.3 kB]
Get:308 http://deb.debian.org/debian trixie/main arm64 libxcb-ewmh-dev arm64 0.4.2-1 [39.9 kB]
Get:309 http://deb.debian.org/debian trixie/main arm64 libxcb-icccm4-dev arm64 0.4.2-1 [28.6 kB]
Get:310 http://deb.debian.org/debian trixie/main arm64 libxcb-util1 arm64 0.4.1-1 [23.6 kB]
Get:311 http://deb.debian.org/debian trixie/main arm64 libxcb-image0 arm64 0.4.0-2+b2 [21.9 kB]
Get:312 http://deb.debian.org/debian trixie/main arm64 libxcb-image0-dev arm64 0.4.0-2+b2 [28.5 kB]
Get:313 http://deb.debian.org/debian trixie/main arm64 libxcb-randr0-dev arm64 1.17.0-2+b1 [121 kB]
Get:314 http://deb.debian.org/debian trixie/main arm64 libxcb-sync-dev arm64 1.17.0-2+b1 [111 kB]
Get:315 http://deb.debian.org/debian trixie/main arm64 libxcb-present-dev arm64 1.17.0-2+b1 [108 kB]
Get:316 http://deb.debian.org/debian trixie/main arm64 libxcb-render-util0-dev arm64 0.3.10-1 [17.7 kB]
Get:317 http://deb.debian.org/debian trixie/main arm64 libxcb-res0-dev arm64 1.17.0-2+b1 [107 kB]
Get:318 http://deb.debian.org/debian trixie/main arm64 libxcb-xinput-dev arm64 1.17.0-2+b1 [144 kB]
Get:319 http://deb.debian.org/debian trixie/main arm64 libxt6t64 arm64 1:1.2.1-1.2+b2 [173 kB]
Get:320 http://deb.debian.org/debian trixie/main arm64 libxmu6 arm64 2:1.1.3-3+b4 [55.7 kB]
Get:321 http://deb.debian.org/debian trixie/main arm64 libxpm4 arm64 1:3.5.17-1+deb13u1 [52.9 kB]
Get:322 http://deb.debian.org/debian trixie/main arm64 libxaw7 arm64 2:1.0.16-1 [195 kB]
Get:323 http://deb.debian.org/debian trixie/main arm64 libxcvt0 arm64 0.1.3-1 [5496 B]
Get:324 http://deb.debian.org/debian trixie/main arm64 libxfont2 arm64 1:2.0.6-1+deb13u1 [125 kB]
Get:325 http://deb.debian.org/debian trixie/main arm64 libxkbfile1 arm64 1:1.1.0-1+b4 [72.4 kB]
Get:326 http://deb.debian.org/debian trixie/main arm64 libxrandr2 arm64 2:1.5.4-1+b3 [35.9 kB]
Get:327 http://deb.debian.org/debian trixie/main arm64 ninja-build arm64 1.12.1-1+b1 [130 kB]
Get:328 http://deb.debian.org/debian trixie/main arm64 python3-autocommand all 2.2.2-3 [13.6 kB]
Get:329 http://deb.debian.org/debian trixie/main arm64 python3-more-itertools all 10.7.0-1 [67.4 kB]
Get:330 http://deb.debian.org/debian trixie/main arm64 python3-typing-extensions all 4.13.2-1 [90.5 kB]
Get:331 http://deb.debian.org/debian trixie/main arm64 python3-typeguard all 4.4.2-1 [37.3 kB]
Get:332 http://deb.debian.org/debian trixie/main arm64 python3-inflect all 7.3.1-2 [32.4 kB]
Get:333 http://deb.debian.org/debian trixie/main arm64 python3-jaraco.context all 6.0.1-1+deb13u1 [8492 B]
Get:334 http://deb.debian.org/debian trixie/main arm64 python3-jaraco.functools all 4.1.0-1 [12.0 kB]
Get:335 http://deb.debian.org/debian trixie/main arm64 python3-pkg-resources all 78.1.1-0.1 [224 kB]
Get:336 http://deb.debian.org/debian trixie/main arm64 python3-jaraco.text all 4.0.0-1 [11.4 kB]
Get:337 http://deb.debian.org/debian trixie/main arm64 python3-zipp all 3.21.0-1 [10.6 kB]
Get:338 http://deb.debian.org/debian trixie/main arm64 python3-setuptools all 78.1.1-0.1 [738 kB]
Get:339 http://deb.debian.org/debian trixie/main arm64 meson all 1.7.0-1 [639 kB]
Get:340 http://deb.debian.org/debian trixie/main arm64 pkg-config arm64 1.8.1-4 [14.0 kB]
Get:341 http://deb.debian.org/debian trixie/main arm64 x11-xkb-utils arm64 7.7+9 [149 kB]
debconf: unable to initialize frontend: Dialog
debconf: (TERM is not set, so the dialog frontend is not usable.)
debconf: falling back to frontend: Readline
debconf: unable to initialize frontend: Readline
debconf: (This frontend requires a controlling tty.)
debconf: falling back to frontend: Teletype
debconf: unable to initialize frontend: Teletype
debconf: (This frontend requires a controlling tty.)
debconf: falling back to frontend: Noninteractive
Preconfiguring packages ...
Fetched 199 MB in 33s (5992 kB/s)
(Reading database ... (Reading database ... 5%(Reading database ... 10%(Reading database ... 15%(Reading database ... 20%(Reading database ... 25%(Reading database ... 30%(Reading database ... 35%(Reading database ... 40%(Reading database ... 45%(Reading database ... 50%(Reading database ... 55%(Reading database ... 60%(Reading database ... 65%(Reading database ... 70%(Reading database ... 75%(Reading database ... 80%(Reading database ... 85%(Reading database ... 90%(Reading database ... 95%(Reading database ... 100%(Reading database ... 9489 files and directories currently installed.)
Preparing to unpack .../libc6_2.41-12+rpt1+deb13u4_arm64.deb ...
debconf: unable to initialize frontend: Dialog
debconf: (TERM is not set, so the dialog frontend is not usable.)
debconf: falling back to frontend: Readline
debconf: unable to initialize frontend: Readline
debconf: (This frontend requires a controlling tty.)
debconf: falling back to frontend: Teletype
debconf: unable to initialize frontend: Teletype
debconf: (This frontend requires a controlling tty.)
debconf: falling back to frontend: Noninteractive
Unpacking libc6:arm64 (2.41-12+rpt1+deb13u4) over (2.41-12+deb13u4) ...
Setting up libc6:arm64 (2.41-12+rpt1+deb13u4) ...
debconf: unable to initialize frontend: Dialog
debconf: (TERM is not set, so the dialog frontend is not usable.)
debconf: falling back to frontend: Readline
debconf: unable to initialize frontend: Readline
debconf: (This frontend requires a controlling tty.)
debconf: falling back to frontend: Teletype
debconf: unable to initialize frontend: Teletype
debconf: (This frontend requires a controlling tty.)
debconf: falling back to frontend: Noninteractive
(Reading database ... (Reading database ... 5%(Reading database ... 10%(Reading database ... 15%(Reading database ... 20%(Reading database ... 25%(Reading database ... 30%(Reading database ... 35%(Reading database ... 40%(Reading database ... 45%(Reading database ... 50%(Reading database ... 55%(Reading database ... 60%(Reading database ... 65%(Reading database ... 70%(Reading database ... 75%(Reading database ... 80%(Reading database ... 85%(Reading database ... 90%(Reading database ... 95%(Reading database ... 100%(Reading database ... 9489 files and directories currently installed.)
Preparing to unpack .../libc-bin_2.41-12+rpt1+deb13u4_arm64.deb ...
Unpacking libc-bin (2.41-12+rpt1+deb13u4) over (2.41-12+deb13u4) ...
Setting up libc-bin (2.41-12+rpt1+deb13u4) ...
Selecting previously unselected package libpython3.13-minimal:arm64.
(Reading database ... (Reading database ... 5%(Reading database ... 10%(Reading database ... 15%(Reading database ... 20%(Reading database ... 25%(Reading database ... 30%(Reading database ... 35%(Reading database ... 40%(Reading database ... 45%(Reading database ... 50%(Reading database ... 55%(Reading database ... 60%(Reading database ... 65%(Reading database ... 70%(Reading database ... 75%(Reading database ... 80%(Reading database ... 85%(Reading database ... 90%(Reading database ... 95%(Reading database ... 100%(Reading database ... 9489 files and directories currently installed.)
Preparing to unpack .../libpython3.13-minimal_3.13.5-2+deb13u5_arm64.deb ...
Unpacking libpython3.13-minimal:arm64 (3.13.5-2+deb13u5) ...
Selecting previously unselected package python3.13-minimal.
Preparing to unpack .../python3.13-minimal_3.13.5-2+deb13u5_arm64.deb ...
Unpacking python3.13-minimal (3.13.5-2+deb13u5) ...
Setting up libpython3.13-minimal:arm64 (3.13.5-2+deb13u5) ...
Setting up python3.13-minimal (3.13.5-2+deb13u5) ...
Selecting previously unselected package python3-minimal.
(Reading database ... (Reading database ... 5%(Reading database ... 10%(Reading database ... 15%(Reading database ... 20%(Reading database ... 25%(Reading database ... 30%(Reading database ... 35%(Reading database ... 40%(Reading database ... 45%(Reading database ... 50%(Reading database ... 55%(Reading database ... 60%(Reading database ... 65%(Reading database ... 70%(Reading database ... 75%(Reading database ... 80%(Reading database ... 85%(Reading database ... 90%(Reading database ... 95%(Reading database ... 100%(Reading database ... 9814 files and directories currently installed.)
Preparing to unpack .../python3-minimal_3.13.5-1_arm64.deb ...
Unpacking python3-minimal (3.13.5-1) ...
Selecting previously unselected package media-types.
Preparing to unpack .../media-types_13.0.0_all.deb ...
Unpacking media-types (13.0.0) ...
Selecting previously unselected package netbase.
Preparing to unpack .../archives/netbase_6.5_all.deb ...
Unpacking netbase (6.5) ...
Preparing to unpack .../liblzma5_5.8.1-1+deb13u2_arm64.deb ...
Unpacking liblzma5:arm64 (5.8.1-1+deb13u2) over (5.8.1-1+deb13u1) ...
Setting up liblzma5:arm64 (5.8.1-1+deb13u2) ...
Selecting previously unselected package libpython3.13-stdlib:arm64.
(Reading database ... (Reading database ... 5%(Reading database ... 10%(Reading database ... 15%(Reading database ... 20%(Reading database ... 25%(Reading database ... 30%(Reading database ... 35%(Reading database ... 40%(Reading database ... 45%(Reading database ... 50%(Reading database ... 55%(Reading database ... 60%(Reading database ... 65%(Reading database ... 70%(Reading database ... 75%(Reading database ... 80%(Reading database ... 85%(Reading database ... 90%(Reading database ... 95%(Reading database ... 100%(Reading database ... 9848 files and directories currently installed.)
Preparing to unpack .../libpython3.13-stdlib_3.13.5-2+deb13u5_arm64.deb ...
Unpacking libpython3.13-stdlib:arm64 (3.13.5-2+deb13u5) ...
Selecting previously unselected package python3.13.
Preparing to unpack .../python3.13_3.13.5-2+deb13u5_arm64.deb ...
Unpacking python3.13 (3.13.5-2+deb13u5) ...
Selecting previously unselected package libpython3-stdlib:arm64.
Preparing to unpack .../libpython3-stdlib_3.13.5-1_arm64.deb ...
Unpacking libpython3-stdlib:arm64 (3.13.5-1) ...
Setting up python3-minimal (3.13.5-1) ...
Selecting previously unselected package python3.
(Reading database ... (Reading database ... 5%(Reading database ... 10%(Reading database ... 15%(Reading database ... 20%(Reading database ... 25%(Reading database ... 30%(Reading database ... 35%(Reading database ... 40%(Reading database ... 45%(Reading database ... 50%(Reading database ... 55%(Reading database ... 60%(Reading database ... 65%(Reading database ... 70%(Reading database ... 75%(Reading database ... 80%(Reading database ... 85%(Reading database ... 90%(Reading database ... 95%(Reading database ... 100%(Reading database ... 10275 files and directories currently installed.)
Preparing to unpack .../000-python3_3.13.5-1_arm64.deb ...
Unpacking python3 (3.13.5-1) ...
Selecting previously unselected package seatd.
Preparing to unpack .../001-seatd_0.9.1-1_arm64.deb ...
Unpacking seatd (0.9.1-1) ...
Selecting previously unselected package bzip2.
Preparing to unpack .../002-bzip2_1.0.8-6_arm64.deb ...
Unpacking bzip2 (1.0.8-6) ...
Selecting previously unselected package gettext-base.
Preparing to unpack .../003-gettext-base_0.23.1-2_arm64.deb ...
Unpacking gettext-base (0.23.1-2) ...
Selecting previously unselected package xz-utils.
Preparing to unpack .../004-xz-utils_5.8.1-1+deb13u2_arm64.deb ...
Unpacking xz-utils (5.8.1-1+deb13u2) ...
Selecting previously unselected package libsframe1:arm64.
Preparing to unpack .../005-libsframe1_2.44-3_arm64.deb ...
Unpacking libsframe1:arm64 (2.44-3) ...
Selecting previously unselected package binutils-common:arm64.
Preparing to unpack .../006-binutils-common_2.44-3_arm64.deb ...
Unpacking binutils-common:arm64 (2.44-3) ...
Selecting previously unselected package libbinutils:arm64.
Preparing to unpack .../007-libbinutils_2.44-3_arm64.deb ...
Unpacking libbinutils:arm64 (2.44-3) ...
Selecting previously unselected package libgprofng0:arm64.
Preparing to unpack .../008-libgprofng0_2.44-3_arm64.deb ...
Unpacking libgprofng0:arm64 (2.44-3) ...
Selecting previously unselected package libctf-nobfd0:arm64.
Preparing to unpack .../009-libctf-nobfd0_2.44-3_arm64.deb ...
Unpacking libctf-nobfd0:arm64 (2.44-3) ...
Selecting previously unselected package libctf0:arm64.
Preparing to unpack .../010-libctf0_2.44-3_arm64.deb ...
Unpacking libctf0:arm64 (2.44-3) ...
Selecting previously unselected package libjansson4:arm64.
Preparing to unpack .../011-libjansson4_2.14-2+b3_arm64.deb ...
Unpacking libjansson4:arm64 (2.14-2+b3) ...
Selecting previously unselected package binutils-aarch64-linux-gnu.
Preparing to unpack .../012-binutils-aarch64-linux-gnu_2.44-3_arm64.deb ...
Unpacking binutils-aarch64-linux-gnu (2.44-3) ...
Selecting previously unselected package binutils.
Preparing to unpack .../013-binutils_2.44-3_arm64.deb ...
Unpacking binutils (2.44-3) ...
Selecting previously unselected package libc-dev-bin.
Preparing to unpack .../014-libc-dev-bin_2.41-12+rpt1+deb13u4_arm64.deb ...
Unpacking libc-dev-bin (2.41-12+rpt1+deb13u4) ...
Selecting previously unselected package linux-libc-dev.
Preparing to unpack .../015-linux-libc-dev_1%3a6.18.50-1+rpt1_all.deb ...
Unpacking linux-libc-dev (1:6.18.50-1+rpt1) ...
Selecting previously unselected package libcrypt-dev:arm64.
Preparing to unpack .../016-libcrypt-dev_1%3a4.4.38-1_arm64.deb ...
Unpacking libcrypt-dev:arm64 (1:4.4.38-1) ...
Selecting previously unselected package rpcsvc-proto.
Preparing to unpack .../017-rpcsvc-proto_1.4.3-1+b1_arm64.deb ...
Unpacking rpcsvc-proto (1.4.3-1+b1) ...
Selecting previously unselected package libc6-dev:arm64.
Preparing to unpack .../018-libc6-dev_2.41-12+rpt1+deb13u4_arm64.deb ...
Unpacking libc6-dev:arm64 (2.41-12+rpt1+deb13u4) ...
Selecting previously unselected package libisl23:arm64.
Preparing to unpack .../019-libisl23_0.27-1_arm64.deb ...
Unpacking libisl23:arm64 (0.27-1) ...
Selecting previously unselected package libmpfr6:arm64.
Preparing to unpack .../020-libmpfr6_4.2.2-1_arm64.deb ...
Unpacking libmpfr6:arm64 (4.2.2-1) ...
Selecting previously unselected package libmpc3:arm64.
Preparing to unpack .../021-libmpc3_1.3.1-1+b3_arm64.deb ...
Unpacking libmpc3:arm64 (1.3.1-1+b3) ...
Selecting previously unselected package cpp-14-aarch64-linux-gnu.
Preparing to unpack .../022-cpp-14-aarch64-linux-gnu_14.2.0-19_arm64.deb ...
Unpacking cpp-14-aarch64-linux-gnu (14.2.0-19) ...
Selecting previously unselected package cpp-14.
Preparing to unpack .../023-cpp-14_14.2.0-19_arm64.deb ...
Unpacking cpp-14 (14.2.0-19) ...
Selecting previously unselected package cpp-aarch64-linux-gnu.
Preparing to unpack .../024-cpp-aarch64-linux-gnu_4%3a14.2.0-1_arm64.deb ...
Unpacking cpp-aarch64-linux-gnu (4:14.2.0-1) ...
Selecting previously unselected package cpp.
Preparing to unpack .../025-cpp_4%3a14.2.0-1_arm64.deb ...
Unpacking cpp (4:14.2.0-1) ...
Selecting previously unselected package libcc1-0:arm64.
Preparing to unpack .../026-libcc1-0_14.2.0-19_arm64.deb ...
Unpacking libcc1-0:arm64 (14.2.0-19) ...
Selecting previously unselected package libgomp1:arm64.
Preparing to unpack .../027-libgomp1_14.2.0-19_arm64.deb ...
Unpacking libgomp1:arm64 (14.2.0-19) ...
Selecting previously unselected package libitm1:arm64.
Preparing to unpack .../028-libitm1_14.2.0-19_arm64.deb ...
Unpacking libitm1:arm64 (14.2.0-19) ...
Selecting previously unselected package libatomic1:arm64.
Preparing to unpack .../029-libatomic1_14.2.0-19_arm64.deb ...
Unpacking libatomic1:arm64 (14.2.0-19) ...
Selecting previously unselected package libasan8:arm64.
Preparing to unpack .../030-libasan8_14.2.0-19_arm64.deb ...
Unpacking libasan8:arm64 (14.2.0-19) ...
Selecting previously unselected package liblsan0:arm64.
Preparing to unpack .../031-liblsan0_14.2.0-19_arm64.deb ...
Unpacking liblsan0:arm64 (14.2.0-19) ...
Selecting previously unselected package libtsan2:arm64.
Preparing to unpack .../032-libtsan2_14.2.0-19_arm64.deb ...
Unpacking libtsan2:arm64 (14.2.0-19) ...
Selecting previously unselected package libubsan1:arm64.
Preparing to unpack .../033-libubsan1_14.2.0-19_arm64.deb ...
Unpacking libubsan1:arm64 (14.2.0-19) ...
Selecting previously unselected package libhwasan0:arm64.
Preparing to unpack .../034-libhwasan0_14.2.0-19_arm64.deb ...
Unpacking libhwasan0:arm64 (14.2.0-19) ...
Selecting previously unselected package libgcc-14-dev:arm64.
Preparing to unpack .../035-libgcc-14-dev_14.2.0-19_arm64.deb ...
Unpacking libgcc-14-dev:arm64 (14.2.0-19) ...
Selecting previously unselected package gcc-14-aarch64-linux-gnu.
Preparing to unpack .../036-gcc-14-aarch64-linux-gnu_14.2.0-19_arm64.deb ...
Unpacking gcc-14-aarch64-linux-gnu (14.2.0-19) ...
Selecting previously unselected package gcc-14.
Preparing to unpack .../037-gcc-14_14.2.0-19_arm64.deb ...
Unpacking gcc-14 (14.2.0-19) ...
Selecting previously unselected package gcc-aarch64-linux-gnu.
Preparing to unpack .../038-gcc-aarch64-linux-gnu_4%3a14.2.0-1_arm64.deb ...
Unpacking gcc-aarch64-linux-gnu (4:14.2.0-1) ...
Selecting previously unselected package gcc.
Preparing to unpack .../039-gcc_4%3a14.2.0-1_arm64.deb ...
Unpacking gcc (4:14.2.0-1) ...
Selecting previously unselected package libstdc++-14-dev:arm64.
Preparing to unpack .../040-libstdc++-14-dev_14.2.0-19_arm64.deb ...
Unpacking libstdc++-14-dev:arm64 (14.2.0-19) ...
Selecting previously unselected package g++-14-aarch64-linux-gnu.
Preparing to unpack .../041-g++-14-aarch64-linux-gnu_14.2.0-19_arm64.deb ...
Unpacking g++-14-aarch64-linux-gnu (14.2.0-19) ...
Selecting previously unselected package g++-14.
Preparing to unpack .../042-g++-14_14.2.0-19_arm64.deb ...
Unpacking g++-14 (14.2.0-19) ...
Selecting previously unselected package g++-aarch64-linux-gnu.
Preparing to unpack .../043-g++-aarch64-linux-gnu_4%3a14.2.0-1_arm64.deb ...
Unpacking g++-aarch64-linux-gnu (4:14.2.0-1) ...
Selecting previously unselected package g++.
Preparing to unpack .../044-g++_4%3a14.2.0-1_arm64.deb ...
Unpacking g++ (4:14.2.0-1) ...
Selecting previously unselected package make.
Preparing to unpack .../045-make_4.4.1-2_arm64.deb ...
Unpacking make (4.4.1-2) ...
Selecting previously unselected package libdpkg-perl.
Preparing to unpack .../046-libdpkg-perl_1.22.22_all.deb ...
Unpacking libdpkg-perl (1.22.22) ...
Selecting previously unselected package patch.
Preparing to unpack .../047-patch_2.8-2_arm64.deb ...
Unpacking patch (2.8-2) ...
Selecting previously unselected package dpkg-dev.
Preparing to unpack .../048-dpkg-dev_1.22.22_all.deb ...
Unpacking dpkg-dev (1.22.22) ...
Selecting previously unselected package build-essential.
Preparing to unpack .../049-build-essential_12.12_arm64.deb ...
Unpacking build-essential (12.12) ...
Selecting previously unselected package libpng16-16t64:arm64.
Preparing to unpack .../050-libpng16-16t64_1.6.48-1+deb13u6_arm64.deb ...
Unpacking libpng16-16t64:arm64 (1.6.48-1+deb13u6) ...
Selecting previously unselected package libfreetype6:arm64.
Preparing to unpack .../051-libfreetype6_2.13.3+dfsg-1+deb13u1_arm64.deb ...
Unpacking libfreetype6:arm64 (2.13.3+dfsg-1+deb13u1) ...
Selecting previously unselected package fonts-dejavu-mono.
Preparing to unpack .../052-fonts-dejavu-mono_2.37-8_all.deb ...
Unpacking fonts-dejavu-mono (2.37-8) ...
Selecting previously unselected package fonts-dejavu-core.
Preparing to unpack .../053-fonts-dejavu-core_2.37-8_all.deb ...
Unpacking fonts-dejavu-core (2.37-8) ...
Selecting previously unselected package fontconfig-config.
Preparing to unpack .../054-fontconfig-config_2.15.0-2.3_arm64.deb ...
Unpacking fontconfig-config (2.15.0-2.3) ...
Selecting previously unselected package libfontconfig1:arm64.
Preparing to unpack .../055-libfontconfig1_2.15.0-2.3_arm64.deb ...
Unpacking libfontconfig1:arm64 (2.15.0-2.3) ...
Selecting previously unselected package fontconfig.
Preparing to unpack .../056-fontconfig_2.15.0-2.3_arm64.deb ...
Unpacking fontconfig (2.15.0-2.3) ...
Selecting previously unselected package libxml2:arm64.
Preparing to unpack .../057-libxml2_2.12.7+dfsg+really2.9.14-2.1+deb13u3_arm64.deb ...
Unpacking libxml2:arm64 (2.12.7+dfsg+really2.9.14-2.1+deb13u3) ...
Selecting previously unselected package gettext.
Preparing to unpack .../058-gettext_0.23.1-2_arm64.deb ...
Unpacking gettext (0.23.1-2) ...
Selecting previously unselected package libglib2.0-0t64:arm64.
Preparing to unpack .../059-libglib2.0-0t64_2.84.4-3~deb13u5_arm64.deb ...
Unpacking libglib2.0-0t64:arm64 (2.84.4-3~deb13u5) ...
Selecting previously unselected package gir1.2-glib-2.0:arm64.
Preparing to unpack .../060-gir1.2-glib-2.0_2.84.4-3~deb13u5_arm64.deb ...
Unpacking gir1.2-glib-2.0:arm64 (2.84.4-3~deb13u5) ...
Selecting previously unselected package libpixman-1-0:arm64.
Preparing to unpack .../061-libpixman-1-0_0.46.4-1+rpt1_arm64.deb ...
Unpacking libpixman-1-0:arm64 (0.46.4-1+rpt1) ...
Selecting previously unselected package libxau6:arm64.
Preparing to unpack .../062-libxau6_1%3a1.0.11-1_arm64.deb ...
Unpacking libxau6:arm64 (1:1.0.11-1) ...
Selecting previously unselected package libxdmcp6:arm64.
Preparing to unpack .../063-libxdmcp6_1%3a1.1.5-1_arm64.deb ...
Unpacking libxdmcp6:arm64 (1:1.1.5-1) ...
Selecting previously unselected package libxcb1:arm64.
Preparing to unpack .../064-libxcb1_1.17.0-2+b1_arm64.deb ...
Unpacking libxcb1:arm64 (1.17.0-2+b1) ...
Selecting previously unselected package libx11-data.
Preparing to unpack .../065-libx11-data_2%3a1.8.12-1_all.deb ...
Unpacking libx11-data (2:1.8.12-1) ...
Selecting previously unselected package libx11-6:arm64.
Preparing to unpack .../066-libx11-6_2%3a1.8.12-1_arm64.deb ...
Unpacking libx11-6:arm64 (2:1.8.12-1) ...
Selecting previously unselected package libxcb-render0:arm64.
Preparing to unpack .../067-libxcb-render0_1.17.0-2+b1_arm64.deb ...
Unpacking libxcb-render0:arm64 (1.17.0-2+b1) ...
Selecting previously unselected package libxcb-shm0:arm64.
Preparing to unpack .../068-libxcb-shm0_1.17.0-2+b1_arm64.deb ...
Unpacking libxcb-shm0:arm64 (1.17.0-2+b1) ...
Selecting previously unselected package libxext6:arm64.
Preparing to unpack .../069-libxext6_2%3a1.3.4-1+b3_arm64.deb ...
Unpacking libxext6:arm64 (2:1.3.4-1+b3) ...
Selecting previously unselected package libxrender1:arm64.
Preparing to unpack .../070-libxrender1_1%3a0.9.12-1_arm64.deb ...
Unpacking libxrender1:arm64 (1:0.9.12-1) ...
Selecting previously unselected package libcairo2:arm64.
Preparing to unpack .../071-libcairo2_1.18.4-1+rpt1_arm64.deb ...
Unpacking libcairo2:arm64 (1.18.4-1+rpt1) ...
Selecting previously unselected package libcairo-gobject2:arm64.
Preparing to unpack .../072-libcairo-gobject2_1.18.4-1+rpt1_arm64.deb ...
Unpacking libcairo-gobject2:arm64 (1.18.4-1+rpt1) ...
Selecting previously unselected package gir1.2-freedesktop:arm64.
Preparing to unpack .../073-gir1.2-freedesktop_1.84.0-1_arm64.deb ...
Unpacking gir1.2-freedesktop:arm64 (1.84.0-1) ...
Selecting previously unselected package gir1.2-glib-2.0-dev:arm64.
Preparing to unpack .../074-gir1.2-glib-2.0-dev_2.84.4-3~deb13u5_arm64.deb ...
Unpacking gir1.2-glib-2.0-dev:arm64 (2.84.4-3~deb13u5) ...
Selecting previously unselected package gir1.2-freedesktop-dev:arm64.
Preparing to unpack .../075-gir1.2-freedesktop-dev_1.84.0-1_arm64.deb ...
Unpacking gir1.2-freedesktop-dev:arm64 (1.84.0-1) ...
Selecting previously unselected package libgdk-pixbuf2.0-common.
Preparing to unpack .../076-libgdk-pixbuf2.0-common_2.42.12+dfsg-4+deb13u1_all.deb ...
Unpacking libgdk-pixbuf2.0-common (2.42.12+dfsg-4+deb13u1) ...
Selecting previously unselected package shared-mime-info.
Preparing to unpack .../077-shared-mime-info_2.4-5+b2_arm64.deb ...
Unpacking shared-mime-info (2.4-5+b2) ...
Selecting previously unselected package libjpeg62-turbo:arm64.
Preparing to unpack .../078-libjpeg62-turbo_1%3a2.1.5-4_arm64.deb ...
Unpacking libjpeg62-turbo:arm64 (1:2.1.5-4) ...
Selecting previously unselected package libdeflate0:arm64.
Preparing to unpack .../079-libdeflate0_1.23-2_arm64.deb ...
Unpacking libdeflate0:arm64 (1.23-2) ...
Selecting previously unselected package libjbig0:arm64.
Preparing to unpack .../080-libjbig0_2.1-6.1+b2_arm64.deb ...
Unpacking libjbig0:arm64 (2.1-6.1+b2) ...
Selecting previously unselected package liblerc4:arm64.
Preparing to unpack .../081-liblerc4_4.0.0+ds-5_arm64.deb ...
Unpacking liblerc4:arm64 (4.0.0+ds-5) ...
Selecting previously unselected package libsharpyuv0:arm64.
Preparing to unpack .../082-libsharpyuv0_1.5.0-0.1_arm64.deb ...
Unpacking libsharpyuv0:arm64 (1.5.0-0.1) ...
Selecting previously unselected package libwebp7:arm64.
Preparing to unpack .../083-libwebp7_1.5.0-0.1_arm64.deb ...
Unpacking libwebp7:arm64 (1.5.0-0.1) ...
Selecting previously unselected package libtiff6:arm64.
Preparing to unpack .../084-libtiff6_4.7.0-3+deb13u3_arm64.deb ...
Unpacking libtiff6:arm64 (4.7.0-3+deb13u3) ...
Selecting previously unselected package libgdk-pixbuf-2.0-0:arm64.
Preparing to unpack .../085-libgdk-pixbuf-2.0-0_2.42.12+dfsg-4+deb13u1_arm64.deb ...
Unpacking libgdk-pixbuf-2.0-0:arm64 (2.42.12+dfsg-4+deb13u1) ...
Selecting previously unselected package gir1.2-gdkpixbuf-2.0:arm64.
Preparing to unpack .../086-gir1.2-gdkpixbuf-2.0_2.42.12+dfsg-4+deb13u1_arm64.deb ...
Unpacking gir1.2-gdkpixbuf-2.0:arm64 (2.42.12+dfsg-4+deb13u1) ...
Selecting previously unselected package libgudev-1.0-0:arm64.
Preparing to unpack .../087-libgudev-1.0-0_238-6_arm64.deb ...
Unpacking libgudev-1.0-0:arm64 (238-6) ...
Selecting previously unselected package gir1.2-gudev-1.0:arm64.
Preparing to unpack .../088-gir1.2-gudev-1.0_238-6_arm64.deb ...
Unpacking gir1.2-gudev-1.0:arm64 (238-6) ...
Selecting previously unselected package libgraphite2-3:arm64.
Preparing to unpack .../089-libgraphite2-3_1.3.14-2+deb13u1_arm64.deb ...
Unpacking libgraphite2-3:arm64 (1.3.14-2+deb13u1) ...
Selecting previously unselected package libharfbuzz0b:arm64.
Preparing to unpack .../090-libharfbuzz0b_10.2.0-1+deb13u1_arm64.deb ...
Unpacking libharfbuzz0b:arm64 (10.2.0-1+deb13u1) ...
Selecting previously unselected package libharfbuzz-gobject0:arm64.
Preparing to unpack .../091-libharfbuzz-gobject0_10.2.0-1+deb13u1_arm64.deb ...
Unpacking libharfbuzz-gobject0:arm64 (10.2.0-1+deb13u1) ...
Selecting previously unselected package gir1.2-harfbuzz-0.0:arm64.
Preparing to unpack .../092-gir1.2-harfbuzz-0.0_10.2.0-1+deb13u1_arm64.deb ...
Unpacking gir1.2-harfbuzz-0.0:arm64 (10.2.0-1+deb13u1) ...
Selecting previously unselected package libfribidi0:arm64.
Preparing to unpack .../093-libfribidi0_1.0.16-1_arm64.deb ...
Unpacking libfribidi0:arm64 (1.0.16-1) ...
Selecting previously unselected package libthai-data.
Preparing to unpack .../094-libthai-data_0.1.29-2_all.deb ...
Unpacking libthai-data (0.1.29-2) ...
Selecting previously unselected package libdatrie1:arm64.
Preparing to unpack .../095-libdatrie1_0.2.13-3+b1_arm64.deb ...
Unpacking libdatrie1:arm64 (0.2.13-3+b1) ...
Selecting previously unselected package libthai0:arm64.
Preparing to unpack .../096-libthai0_0.1.29-2+b1_arm64.deb ...
Unpacking libthai0:arm64 (0.1.29-2+b1) ...
Selecting previously unselected package libpango-1.0-0:arm64.
Preparing to unpack .../097-libpango-1.0-0_1.56.3-1_arm64.deb ...
Unpacking libpango-1.0-0:arm64 (1.56.3-1) ...
Selecting previously unselected package libpangoft2-1.0-0:arm64.
Preparing to unpack .../098-libpangoft2-1.0-0_1.56.3-1_arm64.deb ...
Unpacking libpangoft2-1.0-0:arm64 (1.56.3-1) ...
Selecting previously unselected package libpangocairo-1.0-0:arm64.
Preparing to unpack .../099-libpangocairo-1.0-0_1.56.3-1_arm64.deb ...
Unpacking libpangocairo-1.0-0:arm64 (1.56.3-1) ...
Selecting previously unselected package libxft2:arm64.
Preparing to unpack .../100-libxft2_2.3.6-1+b4_arm64.deb ...
Unpacking libxft2:arm64 (2.3.6-1+b4) ...
Selecting previously unselected package libpangoxft-1.0-0:arm64.
Preparing to unpack .../101-libpangoxft-1.0-0_1.56.3-1_arm64.deb ...
Unpacking libpangoxft-1.0-0:arm64 (1.56.3-1) ...
Selecting previously unselected package gir1.2-pango-1.0:arm64.
Preparing to unpack .../102-gir1.2-pango-1.0_1.56.3-1_arm64.deb ...
Unpacking gir1.2-pango-1.0:arm64 (1.56.3-1) ...
Selecting previously unselected package libdav1d7:arm64.
Preparing to unpack .../103-libdav1d7_1.5.1-1_arm64.deb ...
Unpacking libdav1d7:arm64 (1.5.1-1) ...
Selecting previously unselected package librsvg2-2:arm64.
Preparing to unpack .../104-librsvg2-2_2.60.0+dfsg-1_arm64.deb ...
Unpacking librsvg2-2:arm64 (2.60.0+dfsg-1) ...
Selecting previously unselected package gir1.2-rsvg-2.0:arm64.
Preparing to unpack .../105-gir1.2-rsvg-2.0_2.60.0+dfsg-1_arm64.deb ...
Unpacking gir1.2-rsvg-2.0:arm64 (2.60.0+dfsg-1) ...
Selecting previously unselected package native-architecture.
Preparing to unpack .../106-native-architecture_0.2.6_all.deb ...
Unpacking native-architecture (0.2.6) ...
Selecting previously unselected package libgirepository-2.0-0:arm64.
Preparing to unpack .../107-libgirepository-2.0-0_2.84.4-3~deb13u5_arm64.deb ...
Unpacking libgirepository-2.0-0:arm64 (2.84.4-3~deb13u5) ...
Selecting previously unselected package girepository-tools:arm64.
Preparing to unpack .../108-girepository-tools_2.84.4-3~deb13u5_arm64.deb ...
Unpacking girepository-tools:arm64 (2.84.4-3~deb13u5) ...
Selecting previously unselected package libicu76:arm64.
Preparing to unpack .../109-libicu76_76.1-4_arm64.deb ...
Unpacking libicu76:arm64 (76.1-4) ...
Selecting previously unselected package icu-devtools.
Preparing to unpack .../110-icu-devtools_76.1-4_arm64.deb ...
Unpacking icu-devtools (76.1-4) ...
Selecting previously unselected package uuid-dev:arm64.
Preparing to unpack .../111-uuid-dev_2.41.5-0+deb13u1_arm64.deb ...
Unpacking uuid-dev:arm64 (2.41.5-0+deb13u1) ...
Selecting previously unselected package libblkid-dev:arm64.
Preparing to unpack .../112-libblkid-dev_2.41.5-0+deb13u1_arm64.deb ...
Unpacking libblkid-dev:arm64 (2.41.5-0+deb13u1) ...
Selecting previously unselected package libbrotli-dev:arm64.
Preparing to unpack .../113-libbrotli-dev_1.1.0-2+b7_arm64.deb ...
Unpacking libbrotli-dev:arm64 (1.1.0-2+b7) ...
Selecting previously unselected package libbz2-dev:arm64.
Preparing to unpack .../114-libbz2-dev_1.0.8-6_arm64.deb ...
Unpacking libbz2-dev:arm64 (1.0.8-6) ...
Selecting previously unselected package liblzo2-2:arm64.
Preparing to unpack .../115-liblzo2-2_2.10-3+b1_arm64.deb ...
Unpacking liblzo2-2:arm64 (2.10-3+b1) ...
Selecting previously unselected package libcairo-script-interpreter2:arm64.
Preparing to unpack .../116-libcairo-script-interpreter2_1.18.4-1+rpt1_arm64.deb ...
Unpacking libcairo-script-interpreter2:arm64 (1.18.4-1+rpt1) ...
Selecting previously unselected package libexpat1-dev:arm64.
Preparing to unpack .../117-libexpat1-dev_2.8.3-1~deb13u1_arm64.deb ...
Unpacking libexpat1-dev:arm64 (2.8.3-1~deb13u1) ...
Selecting previously unselected package zlib1g-dev:arm64.
Preparing to unpack .../118-zlib1g-dev_1%3a1.3.dfsg+really1.3.1-1+b1_arm64.deb ...
Unpacking zlib1g-dev:arm64 (1:1.3.dfsg+really1.3.1-1+b1) ...
Selecting previously unselected package libpng-dev:arm64.
Preparing to unpack .../119-libpng-dev_1.6.48-1+deb13u6_arm64.deb ...
Unpacking libpng-dev:arm64 (1.6.48-1+deb13u6) ...
Selecting previously unselected package libfreetype-dev:arm64.
Preparing to unpack .../120-libfreetype-dev_2.13.3+dfsg-1+deb13u1_arm64.deb ...
Unpacking libfreetype-dev:arm64 (2.13.3+dfsg-1+deb13u1) ...
Selecting previously unselected package libpkgconf3:arm64.
Preparing to unpack .../121-libpkgconf3_1.8.1-4_arm64.deb ...
Unpacking libpkgconf3:arm64 (1.8.1-4) ...
Selecting previously unselected package pkgconf-bin.
Preparing to unpack .../122-pkgconf-bin_1.8.1-4_arm64.deb ...
Unpacking pkgconf-bin (1.8.1-4) ...
Selecting previously unselected package pkgconf:arm64.
Preparing to unpack .../123-pkgconf_1.8.1-4_arm64.deb ...
Unpacking pkgconf:arm64 (1.8.1-4) ...
Selecting previously unselected package libfontconfig-dev:arm64.
Preparing to unpack .../124-libfontconfig-dev_2.15.0-2.3_arm64.deb ...
Unpacking libfontconfig-dev:arm64 (2.15.0-2.3) ...
Selecting previously unselected package libffi-dev:arm64.
Preparing to unpack .../125-libffi-dev_3.4.8-2_arm64.deb ...
Unpacking libffi-dev:arm64 (3.4.8-2) ...
Selecting previously unselected package libsepol-dev:arm64.
Preparing to unpack .../126-libsepol-dev_3.8.1-1_arm64.deb ...
Unpacking libsepol-dev:arm64 (3.8.1-1) ...
Selecting previously unselected package libpcre2-16-0:arm64.
Preparing to unpack .../127-libpcre2-16-0_10.46-1~deb13u3_arm64.deb ...
Unpacking libpcre2-16-0:arm64 (10.46-1~deb13u3) ...
Selecting previously unselected package libpcre2-32-0:arm64.
Preparing to unpack .../128-libpcre2-32-0_10.46-1~deb13u3_arm64.deb ...
Unpacking libpcre2-32-0:arm64 (10.46-1~deb13u3) ...
Selecting previously unselected package libpcre2-posix3:arm64.
Preparing to unpack .../129-libpcre2-posix3_10.46-1~deb13u3_arm64.deb ...
Unpacking libpcre2-posix3:arm64 (10.46-1~deb13u3) ...
Selecting previously unselected package libpcre2-dev:arm64.
Preparing to unpack .../130-libpcre2-dev_10.46-1~deb13u3_arm64.deb ...
Unpacking libpcre2-dev:arm64 (10.46-1~deb13u3) ...
Selecting previously unselected package libselinux1-dev:arm64.
Preparing to unpack .../131-libselinux1-dev_3.8.1-1_arm64.deb ...
Unpacking libselinux1-dev:arm64 (3.8.1-1) ...
Selecting previously unselected package libmount-dev:arm64.
Preparing to unpack .../132-libmount-dev_2.41.5-0+deb13u1_arm64.deb ...
Unpacking libmount-dev:arm64 (2.41.5-0+deb13u1) ...
Selecting previously unselected package libsysprof-capture-4-dev:arm64.
Preparing to unpack .../133-libsysprof-capture-4-dev_48.0-2_arm64.deb ...
Unpacking libsysprof-capture-4-dev:arm64 (48.0-2) ...
Selecting previously unselected package libgio-2.0-dev:arm64.
Preparing to unpack .../134-libgio-2.0-dev_2.84.4-3~deb13u5_arm64.deb ...
Unpacking libgio-2.0-dev:arm64 (2.84.4-3~deb13u5) ...
Selecting previously unselected package libglib2.0-data.
Preparing to unpack .../135-libglib2.0-data_2.84.4-3~deb13u5_all.deb ...
Unpacking libglib2.0-data (2.84.4-3~deb13u5) ...
Selecting previously unselected package libelf1t64:arm64.
Preparing to unpack .../136-libelf1t64_0.192-4_arm64.deb ...
Unpacking libelf1t64:arm64 (0.192-4) ...
Selecting previously unselected package libglib2.0-bin.
Preparing to unpack .../137-libglib2.0-bin_2.84.4-3~deb13u5_arm64.deb ...
Unpacking libglib2.0-bin (2.84.4-3~deb13u5) ...
Selecting previously unselected package python3-packaging.
Preparing to unpack .../138-python3-packaging_25.0-1_all.deb ...
Unpacking python3-packaging (25.0-1) ...
Selecting previously unselected package libgio-2.0-dev-bin.
Preparing to unpack .../139-libgio-2.0-dev-bin_2.84.4-3~deb13u5_arm64.deb ...
Unpacking libgio-2.0-dev-bin (2.84.4-3~deb13u5) ...
Selecting previously unselected package libglib2.0-dev-bin.
Preparing to unpack .../140-libglib2.0-dev-bin_2.84.4-3~deb13u5_arm64.deb ...
Unpacking libglib2.0-dev-bin (2.84.4-3~deb13u5) ...
Selecting previously unselected package libglib2.0-dev:arm64.
Preparing to unpack .../141-libglib2.0-dev_2.84.4-3~deb13u5_arm64.deb ...
Unpacking libglib2.0-dev:arm64 (2.84.4-3~deb13u5) ...
Selecting previously unselected package libpixman-1-dev:arm64.
Preparing to unpack .../142-libpixman-1-dev_0.46.4-1+rpt1_arm64.deb ...
Unpacking libpixman-1-dev:arm64 (0.46.4-1+rpt1) ...
Selecting previously unselected package x11-common.
Preparing to unpack .../143-x11-common_1%3a7.7+24+deb13u1_all.deb ...
Unpacking x11-common (1:7.7+24+deb13u1) ...
Selecting previously unselected package libice6:arm64.
Preparing to unpack .../144-libice6_2%3a1.1.1-1_arm64.deb ...
Unpacking libice6:arm64 (2:1.1.1-1) ...
Selecting previously unselected package libsm6:arm64.
Preparing to unpack .../145-libsm6_2%3a1.2.6-1_arm64.deb ...
Unpacking libsm6:arm64 (2:1.2.6-1) ...
Selecting previously unselected package xorg-sgml-doctools.
Preparing to unpack .../146-xorg-sgml-doctools_1%3a1.11-1.1_all.deb ...
Unpacking xorg-sgml-doctools (1:1.11-1.1) ...
Selecting previously unselected package x11proto-dev.
Preparing to unpack .../147-x11proto-dev_2024.1-1_all.deb ...
Unpacking x11proto-dev (2024.1-1) ...
Selecting previously unselected package libice-dev:arm64.
Preparing to unpack .../148-libice-dev_2%3a1.1.1-1_arm64.deb ...
Unpacking libice-dev:arm64 (2:1.1.1-1) ...
Selecting previously unselected package libsm-dev:arm64.
Preparing to unpack .../149-libsm-dev_2%3a1.2.6-1_arm64.deb ...
Unpacking libsm-dev:arm64 (2:1.2.6-1) ...
Selecting previously unselected package libxau-dev:arm64.
Preparing to unpack .../150-libxau-dev_1%3a1.0.11-1_arm64.deb ...
Unpacking libxau-dev:arm64 (1:1.0.11-1) ...
Selecting previously unselected package libxdmcp-dev:arm64.
Preparing to unpack .../151-libxdmcp-dev_1%3a1.1.5-1_arm64.deb ...
Unpacking libxdmcp-dev:arm64 (1:1.1.5-1) ...
Selecting previously unselected package xtrans-dev.
Preparing to unpack .../152-xtrans-dev_1.4.0-1_all.deb ...
Unpacking xtrans-dev (1.4.0-1) ...
Selecting previously unselected package libxcb1-dev:arm64.
Preparing to unpack .../153-libxcb1-dev_1.17.0-2+b1_arm64.deb ...
Unpacking libxcb1-dev:arm64 (1.17.0-2+b1) ...
Selecting previously unselected package libx11-dev:arm64.
Preparing to unpack .../154-libx11-dev_2%3a1.8.12-1_arm64.deb ...
Unpacking libx11-dev:arm64 (2:1.8.12-1) ...
Selecting previously unselected package libxcb-render0-dev:arm64.
Preparing to unpack .../155-libxcb-render0-dev_1.17.0-2+b1_arm64.deb ...
Unpacking libxcb-render0-dev:arm64 (1.17.0-2+b1) ...
Selecting previously unselected package libxcb-shm0-dev:arm64.
Preparing to unpack .../156-libxcb-shm0-dev_1.17.0-2+b1_arm64.deb ...
Unpacking libxcb-shm0-dev:arm64 (1.17.0-2+b1) ...
Selecting previously unselected package libxext-dev:arm64.
Preparing to unpack .../157-libxext-dev_2%3a1.3.4-1+b3_arm64.deb ...
Unpacking libxext-dev:arm64 (2:1.3.4-1+b3) ...
Selecting previously unselected package libxrender-dev:arm64.
Preparing to unpack .../158-libxrender-dev_1%3a0.9.12-1_arm64.deb ...
Unpacking libxrender-dev:arm64 (1:0.9.12-1) ...
Selecting previously unselected package libcairo2-dev:arm64.
Preparing to unpack .../159-libcairo2-dev_1.18.4-1+rpt1_arm64.deb ...
Unpacking libcairo2-dev:arm64 (1.18.4-1+rpt1) ...
Selecting previously unselected package libcap-dev:arm64.
Preparing to unpack .../160-libcap-dev_1%3a2.75-10+deb13u1+b3_arm64.deb ...
Unpacking libcap-dev:arm64 (1:2.75-10+deb13u1+b3) ...
Selecting previously unselected package libdatrie-dev:arm64.
Preparing to unpack .../161-libdatrie-dev_0.2.13-3+b1_arm64.deb ...
Unpacking libdatrie-dev:arm64 (0.2.13-3+b1) ...
Selecting previously unselected package libdav1d-dev:arm64.
Preparing to unpack .../162-libdav1d-dev_1.5.1-1_arm64.deb ...
Unpacking libdav1d-dev:arm64 (1.5.1-1) ...
Selecting previously unselected package libwayland-client0:arm64.
Preparing to unpack .../163-libwayland-client0_1.24.0-2~bpo13+1~rpt1_arm64.deb ...
Unpacking libwayland-client0:arm64 (1.24.0-2~bpo13+1~rpt1) ...
Selecting previously unselected package libdecor-0-0:arm64.
Preparing to unpack .../164-libdecor-0-0_0.2.2-2_arm64.deb ...
Unpacking libdecor-0-0:arm64 (0.2.2-2) ...
Selecting previously unselected package libdeflate-dev:arm64.
Preparing to unpack .../165-libdeflate-dev_1.23-2_arm64.deb ...
Unpacking libdeflate-dev:arm64 (1.23-2) ...
Selecting previously unselected package libdisplay-info2:arm64.
Preparing to unpack .../166-libdisplay-info2_0.2.0-2_arm64.deb ...
Unpacking libdisplay-info2:arm64 (0.2.0-2) ...
Selecting previously unselected package libdisplay-info-dev:arm64.
Preparing to unpack .../167-libdisplay-info-dev_0.2.0-2_arm64.deb ...
Unpacking libdisplay-info-dev:arm64 (0.2.0-2) ...
Selecting previously unselected package libdrm-common.
Preparing to unpack .../168-libdrm-common_2.4.134-3~bpo13+1+rpt1_all.deb ...
Unpacking libdrm-common (2.4.134-3~bpo13+1+rpt1) ...
Selecting previously unselected package libdrm2:arm64.
Preparing to unpack .../169-libdrm2_2.4.134-3~bpo13+1+rpt1_arm64.deb ...
Unpacking libdrm2:arm64 (2.4.134-3~bpo13+1+rpt1) ...
Selecting previously unselected package libdrm-amdgpu1:arm64.
Preparing to unpack .../170-libdrm-amdgpu1_2.4.134-3~bpo13+1+rpt1_arm64.deb ...
Unpacking libdrm-amdgpu1:arm64 (2.4.134-3~bpo13+1+rpt1) ...
Selecting previously unselected package libpciaccess0:arm64.
Preparing to unpack .../171-libpciaccess0_0.17-3+b3_arm64.deb ...
Unpacking libpciaccess0:arm64 (0.17-3+b3) ...
Selecting previously unselected package libdrm-intel1:arm64.
Preparing to unpack .../172-libdrm-intel1_2.4.134-3~bpo13+1+rpt1_arm64.deb ...
Unpacking libdrm-intel1:arm64 (2.4.134-3~bpo13+1+rpt1) ...
Selecting previously unselected package libdrm-radeon1:arm64.
Preparing to unpack .../173-libdrm-radeon1_2.4.134-3~bpo13+1+rpt1_arm64.deb ...
Unpacking libdrm-radeon1:arm64 (2.4.134-3~bpo13+1+rpt1) ...
Selecting previously unselected package libdrm-nouveau2:arm64.
Preparing to unpack .../174-libdrm-nouveau2_2.4.134-3~bpo13+1+rpt1_arm64.deb ...
Unpacking libdrm-nouveau2:arm64 (2.4.134-3~bpo13+1+rpt1) ...
Selecting previously unselected package libdrm-freedreno1:arm64.
Preparing to unpack .../175-libdrm-freedreno1_2.4.134-3~bpo13+1+rpt1_arm64.deb ...
Unpacking libdrm-freedreno1:arm64 (2.4.134-3~bpo13+1+rpt1) ...
Selecting previously unselected package libdrm-tegra0:arm64.
Preparing to unpack .../176-libdrm-tegra0_2.4.134-3~bpo13+1+rpt1_arm64.deb ...
Unpacking libdrm-tegra0:arm64 (2.4.134-3~bpo13+1+rpt1) ...
Selecting previously unselected package libdrm-etnaviv1:arm64.
Preparing to unpack .../177-libdrm-etnaviv1_2.4.134-3~bpo13+1+rpt1_arm64.deb ...
Unpacking libdrm-etnaviv1:arm64 (2.4.134-3~bpo13+1+rpt1) ...
Selecting previously unselected package libpciaccess-dev:arm64.
Preparing to unpack .../178-libpciaccess-dev_0.17-3+b3_arm64.deb ...
Unpacking libpciaccess-dev:arm64 (0.17-3+b3) ...
Selecting previously unselected package libdrm-dev:arm64.
Preparing to unpack .../179-libdrm-dev_2.4.134-3~bpo13+1+rpt1_arm64.deb ...
Unpacking libdrm-dev:arm64 (2.4.134-3~bpo13+1+rpt1) ...
Selecting previously unselected package libedit2:arm64.
Preparing to unpack .../180-libedit2_3.1-20250104-1_arm64.deb ...
Unpacking libedit2:arm64 (3.1-20250104-1) ...
Selecting previously unselected package libglvnd0:arm64.
Preparing to unpack .../181-libglvnd0_1.7.0-1+b2_arm64.deb ...
Unpacking libglvnd0:arm64 (1.7.0-1+b2) ...
Selecting previously unselected package libz3-4:arm64.
Preparing to unpack .../182-libz3-4_4.13.3-1_arm64.deb ...
Unpacking libz3-4:arm64 (4.13.3-1) ...
Selecting previously unselected package libllvm19:arm64.
Preparing to unpack .../183-libllvm19_1%3a19.1.7-3+b1_arm64.deb ...
Unpacking libllvm19:arm64 (1:19.1.7-3+b1) ...
Selecting previously unselected package libsensors-config.
Preparing to unpack .../184-libsensors-config_1%3a3.6.2-2_all.deb ...
Unpacking libsensors-config (1:3.6.2-2) ...
Selecting previously unselected package libsensors5:arm64.
Preparing to unpack .../185-libsensors5_1%3a3.6.2-2_arm64.deb ...
Unpacking libsensors5:arm64 (1:3.6.2-2) ...
Selecting previously unselected package libx11-xcb1:arm64.
Preparing to unpack .../186-libx11-xcb1_2%3a1.8.12-1_arm64.deb ...
Unpacking libx11-xcb1:arm64 (2:1.8.12-1) ...
Selecting previously unselected package libxcb-dri3-0:arm64.
Preparing to unpack .../187-libxcb-dri3-0_1.17.0-2+b1_arm64.deb ...
Unpacking libxcb-dri3-0:arm64 (1.17.0-2+b1) ...
Selecting previously unselected package libxcb-present0:arm64.
Preparing to unpack .../188-libxcb-present0_1.17.0-2+b1_arm64.deb ...
Unpacking libxcb-present0:arm64 (1.17.0-2+b1) ...
Selecting previously unselected package libxcb-randr0:arm64.
Preparing to unpack .../189-libxcb-randr0_1.17.0-2+b1_arm64.deb ...
Unpacking libxcb-randr0:arm64 (1.17.0-2+b1) ...
Selecting previously unselected package libxcb-sync1:arm64.
Preparing to unpack .../190-libxcb-sync1_1.17.0-2+b1_arm64.deb ...
Unpacking libxcb-sync1:arm64 (1.17.0-2+b1) ...
Selecting previously unselected package libxcb-xfixes0:arm64.
Preparing to unpack .../191-libxcb-xfixes0_1.17.0-2+b1_arm64.deb ...
Unpacking libxcb-xfixes0:arm64 (1.17.0-2+b1) ...
Selecting previously unselected package libxshmfence1:arm64.
Preparing to unpack .../192-libxshmfence1_1.3.3-1_arm64.deb ...
Unpacking libxshmfence1:arm64 (1.3.3-1) ...
Selecting previously unselected package mesa-libgallium:arm64.
Preparing to unpack .../193-mesa-libgallium_26.2.2-1~bpo13+0~rpt1_arm64.deb ...
Unpacking mesa-libgallium:arm64 (26.2.2-1~bpo13+0~rpt1) ...
Selecting previously unselected package libwayland-server0:arm64.
Preparing to unpack .../194-libwayland-server0_1.24.0-2~bpo13+1~rpt1_arm64.deb ...
Unpacking libwayland-server0:arm64 (1.24.0-2~bpo13+1~rpt1) ...
Selecting previously unselected package libgbm1:arm64.
Preparing to unpack .../195-libgbm1_26.2.2-1~bpo13+0~rpt1_arm64.deb ...
Unpacking libgbm1:arm64 (26.2.2-1~bpo13+0~rpt1) ...
Selecting previously unselected package libegl-mesa0:arm64.
Preparing to unpack .../196-libegl-mesa0_26.2.2-1~bpo13+0~rpt1_arm64.deb ...
Unpacking libegl-mesa0:arm64 (26.2.2-1~bpo13+0~rpt1) ...
Selecting previously unselected package libegl1:arm64.
Preparing to unpack .../197-libegl1_1.7.0-1+b2_arm64.deb ...
Unpacking libegl1:arm64 (1.7.0-1+b2) ...
Selecting previously unselected package libvulkan1:arm64.
Preparing to unpack .../198-libvulkan1_1.4.309.0-1_arm64.deb ...
Unpacking libvulkan1:arm64 (1.4.309.0-1) ...
Selecting previously unselected package libgl1-mesa-dri:arm64.
Preparing to unpack .../199-libgl1-mesa-dri_26.2.2-1~bpo13+0~rpt1_arm64.deb ...
Unpacking libgl1-mesa-dri:arm64 (26.2.2-1~bpo13+0~rpt1) ...
Selecting previously unselected package libxcb-glx0:arm64.
Preparing to unpack .../200-libxcb-glx0_1.17.0-2+b1_arm64.deb ...
Unpacking libxcb-glx0:arm64 (1.17.0-2+b1) ...
Selecting previously unselected package libxxf86vm1:arm64.
Preparing to unpack .../201-libxxf86vm1_1%3a1.1.4-1+b4_arm64.deb ...
Unpacking libxxf86vm1:arm64 (1:1.1.4-1+b4) ...
Selecting previously unselected package libglx-mesa0:arm64.
Preparing to unpack .../202-libglx-mesa0_26.2.2-1~bpo13+0~rpt1_arm64.deb ...
Unpacking libglx-mesa0:arm64 (26.2.2-1~bpo13+0~rpt1) ...
Selecting previously unselected package libglx0:arm64.
Preparing to unpack .../203-libglx0_1.7.0-1+b2_arm64.deb ...
Unpacking libglx0:arm64 (1.7.0-1+b2) ...
Selecting previously unselected package libgl1:arm64.
Preparing to unpack .../204-libgl1_1.7.0-1+b2_arm64.deb ...
Unpacking libgl1:arm64 (1.7.0-1+b2) ...
Selecting previously unselected package libglx-dev:arm64.
Preparing to unpack .../205-libglx-dev_1.7.0-1+b2_arm64.deb ...
Unpacking libglx-dev:arm64 (1.7.0-1+b2) ...
Selecting previously unselected package libgl-dev:arm64.
Preparing to unpack .../206-libgl-dev_1.7.0-1+b2_arm64.deb ...
Unpacking libgl-dev:arm64 (1.7.0-1+b2) ...
Selecting previously unselected package libegl-dev:arm64.
Preparing to unpack .../207-libegl-dev_1.7.0-1+b2_arm64.deb ...
Unpacking libegl-dev:arm64 (1.7.0-1+b2) ...
Selecting previously unselected package libepoxy0:arm64.
Preparing to unpack .../208-libepoxy0_1.5.10-2_arm64.deb ...
Unpacking libepoxy0:arm64 (1.5.10-2) ...
Selecting previously unselected package libevdev2:arm64.
Preparing to unpack .../209-libevdev2_1.13.4+dfsg-1_arm64.deb ...
Unpacking libevdev2:arm64 (1.13.4+dfsg-1) ...
Selecting previously unselected package libevdev-dev:arm64.
Preparing to unpack .../210-libevdev-dev_1.13.4+dfsg-1_arm64.deb ...
Unpacking libevdev-dev:arm64 (1.13.4+dfsg-1) ...
Selecting previously unselected package libfontenc1:arm64.
Preparing to unpack .../211-libfontenc1_1%3a1.1.8-1+b2_arm64.deb ...
Unpacking libfontenc1:arm64 (1:1.1.8-1+b2) ...
Selecting previously unselected package libfribidi-dev:arm64.
Preparing to unpack .../212-libfribidi-dev_1.0.16-1_arm64.deb ...
Unpacking libfribidi-dev:arm64 (1.0.16-1) ...
Selecting previously unselected package libgbm-dev:arm64.
Preparing to unpack .../213-libgbm-dev_26.2.2-1~bpo13+0~rpt1_arm64.deb ...
Unpacking libgbm-dev:arm64 (26.2.2-1~bpo13+0~rpt1) ...
Selecting previously unselected package libgdk-pixbuf2.0-bin.
Preparing to unpack .../214-libgdk-pixbuf2.0-bin_2.42.12+dfsg-4+deb13u1_arm64.deb ...
Unpacking libgdk-pixbuf2.0-bin (2.42.12+dfsg-4+deb13u1) ...
Selecting previously unselected package libjpeg62-turbo-dev:arm64.
Preparing to unpack .../215-libjpeg62-turbo-dev_1%3a2.1.5-4_arm64.deb ...
Unpacking libjpeg62-turbo-dev:arm64 (1:2.1.5-4) ...
Selecting previously unselected package libjpeg-dev:arm64.
Preparing to unpack .../216-libjpeg-dev_1%3a2.1.5-4_arm64.deb ...
Unpacking libjpeg-dev:arm64 (1:2.1.5-4) ...
Selecting previously unselected package libjbig-dev:arm64.
Preparing to unpack .../217-libjbig-dev_2.1-6.1+b2_arm64.deb ...
Unpacking libjbig-dev:arm64 (2.1-6.1+b2) ...
Selecting previously unselected package liblzma-dev:arm64.
Preparing to unpack .../218-liblzma-dev_5.8.1-1+deb13u2_arm64.deb ...
Unpacking liblzma-dev:arm64 (5.8.1-1+deb13u2) ...
Selecting previously unselected package libzstd-dev:arm64.
Preparing to unpack .../219-libzstd-dev_1.5.7+dfsg-1_arm64.deb ...
Unpacking libzstd-dev:arm64 (1.5.7+dfsg-1) ...
Selecting previously unselected package libwebpdemux2:arm64.
Preparing to unpack .../220-libwebpdemux2_1.5.0-0.1_arm64.deb ...
Unpacking libwebpdemux2:arm64 (1.5.0-0.1) ...
Selecting previously unselected package libwebpmux3:arm64.
Preparing to unpack .../221-libwebpmux3_1.5.0-0.1_arm64.deb ...
Unpacking libwebpmux3:arm64 (1.5.0-0.1) ...
Selecting previously unselected package libwebpdecoder3:arm64.
Preparing to unpack .../222-libwebpdecoder3_1.5.0-0.1_arm64.deb ...
Unpacking libwebpdecoder3:arm64 (1.5.0-0.1) ...
Selecting previously unselected package libsharpyuv-dev:arm64.
Preparing to unpack .../223-libsharpyuv-dev_1.5.0-0.1_arm64.deb ...
Unpacking libsharpyuv-dev:arm64 (1.5.0-0.1) ...
Selecting previously unselected package libwebp-dev:arm64.
Preparing to unpack .../224-libwebp-dev_1.5.0-0.1_arm64.deb ...
Unpacking libwebp-dev:arm64 (1.5.0-0.1) ...
Selecting previously unselected package libtiffxx6:arm64.
Preparing to unpack .../225-libtiffxx6_4.7.0-3+deb13u3_arm64.deb ...
Unpacking libtiffxx6:arm64 (4.7.0-3+deb13u3) ...
Selecting previously unselected package liblerc-dev:arm64.
Preparing to unpack .../226-liblerc-dev_4.0.0+ds-5_arm64.deb ...
Unpacking liblerc-dev:arm64 (4.0.0+ds-5) ...
Selecting previously unselected package libtiff-dev:arm64.
Preparing to unpack .../227-libtiff-dev_4.7.0-3+deb13u3_arm64.deb ...
Unpacking libtiff-dev:arm64 (4.7.0-3+deb13u3) ...
Selecting previously unselected package libgdk-pixbuf-2.0-dev:arm64.
Preparing to unpack .../228-libgdk-pixbuf-2.0-dev_2.42.12+dfsg-4+deb13u1_arm64.deb ...
Unpacking libgdk-pixbuf-2.0-dev:arm64 (2.42.12+dfsg-4+deb13u1) ...
Selecting previously unselected package libgles1:arm64.
Preparing to unpack .../229-libgles1_1.7.0-1+b2_arm64.deb ...
Unpacking libgles1:arm64 (1.7.0-1+b2) ...
Selecting previously unselected package libgles2:arm64.
Preparing to unpack .../230-libgles2_1.7.0-1+b2_arm64.deb ...
Unpacking libgles2:arm64 (1.7.0-1+b2) ...
Selecting previously unselected package libgles-dev:arm64.
Preparing to unpack .../231-libgles-dev_1.7.0-1+b2_arm64.deb ...
Unpacking libgles-dev:arm64 (1.7.0-1+b2) ...
Selecting previously unselected package libglvnd-core-dev:arm64.
Preparing to unpack .../232-libglvnd-core-dev_1.7.0-1+b2_arm64.deb ...
Unpacking libglvnd-core-dev:arm64 (1.7.0-1+b2) ...
Selecting previously unselected package libopengl0:arm64.
Preparing to unpack .../233-libopengl0_1.7.0-1+b2_arm64.deb ...
Unpacking libopengl0:arm64 (1.7.0-1+b2) ...
Selecting previously unselected package libopengl-dev:arm64.
Preparing to unpack .../234-libopengl-dev_1.7.0-1+b2_arm64.deb ...
Unpacking libopengl-dev:arm64 (1.7.0-1+b2) ...
Selecting previously unselected package libglvnd-dev:arm64.
Preparing to unpack .../235-libglvnd-dev_1.7.0-1+b2_arm64.deb ...
Unpacking libglvnd-dev:arm64 (1.7.0-1+b2) ...
Selecting previously unselected package libgles2-mesa-dev:arm64.
Preparing to unpack .../236-libgles2-mesa-dev_26.2.2-1~bpo13+0~rpt1_arm64.deb ...
Unpacking libgles2-mesa-dev:arm64 (26.2.2-1~bpo13+0~rpt1) ...
Selecting previously unselected package libgraphite2-dev:arm64.
Preparing to unpack .../237-libgraphite2-dev_1.3.14-2+deb13u1_arm64.deb ...
Unpacking libgraphite2-dev:arm64 (1.3.14-2+deb13u1) ...
Selecting previously unselected package libudev-dev:arm64.
Preparing to unpack .../238-libudev-dev_257.13-1~deb13u1_arm64.deb ...
Unpacking libudev-dev:arm64 (257.13-1~deb13u1) ...
Selecting previously unselected package libgudev-1.0-dev:arm64.
Preparing to unpack .../239-libgudev-1.0-dev_238-6_arm64.deb ...
Unpacking libgudev-1.0-dev:arm64 (238-6) ...
Selecting previously unselected package libharfbuzz-cairo0:arm64.
Preparing to unpack .../240-libharfbuzz-cairo0_10.2.0-1+deb13u1_arm64.deb ...
Unpacking libharfbuzz-cairo0:arm64 (10.2.0-1+deb13u1) ...
Selecting previously unselected package libharfbuzz-icu0:arm64.
Preparing to unpack .../241-libharfbuzz-icu0_10.2.0-1+deb13u1_arm64.deb ...
Unpacking libharfbuzz-icu0:arm64 (10.2.0-1+deb13u1) ...
Selecting previously unselected package libharfbuzz-subset0:arm64.
Preparing to unpack .../242-libharfbuzz-subset0_10.2.0-1+deb13u1_arm64.deb ...
Unpacking libharfbuzz-subset0:arm64 (10.2.0-1+deb13u1) ...
Selecting previously unselected package libicu-dev:arm64.
Preparing to unpack .../243-libicu-dev_76.1-4_arm64.deb ...
Unpacking libicu-dev:arm64 (76.1-4) ...
Selecting previously unselected package libharfbuzz-dev:arm64.
Preparing to unpack .../244-libharfbuzz-dev_10.2.0-1+deb13u1_arm64.deb ...
Unpacking libharfbuzz-dev:arm64 (10.2.0-1+deb13u1) ...
Selecting previously unselected package libwacom-common.
Preparing to unpack .../245-libwacom-common_2.14.0-1_all.deb ...
Unpacking libwacom-common (2.14.0-1) ...
Selecting previously unselected package libwacom9:arm64.
Preparing to unpack .../246-libwacom9_2.14.0-1_arm64.deb ...
Unpacking libwacom9:arm64 (2.14.0-1) ...
Selecting previously unselected package libinput-bin.
Preparing to unpack .../247-libinput-bin_1.28.1-1+rpt1+deb13u1_arm64.deb ...
Unpacking libinput-bin (1.28.1-1+rpt1+deb13u1) ...
Selecting previously unselected package libmtdev1t64:arm64.
Preparing to unpack .../248-libmtdev1t64_1.1.7-1_arm64.deb ...
Unpacking libmtdev1t64:arm64 (1.1.7-1) ...
Selecting previously unselected package libinput10:arm64.
Preparing to unpack .../249-libinput10_1.28.1-1+rpt1+deb13u1_arm64.deb ...
Unpacking libinput10:arm64 (1.28.1-1+rpt1+deb13u1) ...
Selecting previously unselected package libmtdev-dev:arm64.
Preparing to unpack .../250-libmtdev-dev_1.1.7-1_arm64.deb ...
Unpacking libmtdev-dev:arm64 (1.1.7-1) ...
Selecting previously unselected package libwacom-dev:arm64.
Preparing to unpack .../251-libwacom-dev_2.14.0-1_arm64.deb ...
Unpacking libwacom-dev:arm64 (2.14.0-1) ...
Selecting previously unselected package libinput-dev:arm64.
Preparing to unpack .../252-libinput-dev_1.28.1-1+rpt1+deb13u1_arm64.deb ...
Unpacking libinput-dev:arm64 (1.28.1-1+rpt1+deb13u1) ...
Selecting previously unselected package liblcms2-2:arm64.
Preparing to unpack .../253-liblcms2-2_2.16-2+deb13u2_arm64.deb ...
Unpacking liblcms2-2:arm64 (2.16-2+deb13u2) ...
Selecting previously unselected package liblcms2-dev:arm64.
Preparing to unpack .../254-liblcms2-dev_2.16-2+deb13u2_arm64.deb ...
Unpacking liblcms2-dev:arm64 (2.16-2+deb13u2) ...
Selecting previously unselected package libliftoff0:arm64.
Preparing to unpack .../255-libliftoff0_0.5.0-1.1+rpt6_arm64.deb ...
Unpacking libliftoff0:arm64 (0.5.0-1.1+rpt6) ...
Selecting previously unselected package libliftoff-dev:arm64.
Preparing to unpack .../256-libliftoff-dev_0.5.0-1.1+rpt6_arm64.deb ...
Unpacking libliftoff-dev:arm64 (0.5.0-1.1+rpt6) ...
Selecting previously unselected package libthai-dev:arm64.
Preparing to unpack .../257-libthai-dev_0.1.29-2+b1_arm64.deb ...
Unpacking libthai-dev:arm64 (0.1.29-2+b1) ...
Selecting previously unselected package libxft-dev:arm64.
Preparing to unpack .../258-libxft-dev_2.3.6-1+b4_arm64.deb ...
Unpacking libxft-dev:arm64 (2.3.6-1+b4) ...
Selecting previously unselected package pango1.0-tools.
Preparing to unpack .../259-pango1.0-tools_1.56.3-1_arm64.deb ...
Unpacking pango1.0-tools (1.56.3-1) ...
Selecting previously unselected package libpango1.0-dev:arm64.
Preparing to unpack .../260-libpango1.0-dev_1.56.3-1_arm64.deb ...
Unpacking libpango1.0-dev:arm64 (1.56.3-1) ...
Selecting previously unselected package librsvg2-common:arm64.
Preparing to unpack .../261-librsvg2-common_2.60.0+dfsg-1_arm64.deb ...
Unpacking librsvg2-common:arm64 (2.60.0+dfsg-1) ...
Selecting previously unselected package libxml2-dev:arm64.
Preparing to unpack .../262-libxml2-dev_2.12.7+dfsg+really2.9.14-2.1+deb13u3_arm64.deb ...
Unpacking libxml2-dev:arm64 (2.12.7+dfsg+really2.9.14-2.1+deb13u3) ...
Selecting previously unselected package librsvg2-dev:arm64.
Preparing to unpack .../263-librsvg2-dev_2.60.0+dfsg-1_arm64.deb ...
Unpacking librsvg2-dev:arm64 (2.60.0+dfsg-1) ...
Selecting previously unselected package libseat1:arm64.
Preparing to unpack .../264-libseat1_0.9.1-1_arm64.deb ...
Unpacking libseat1:arm64 (0.9.1-1) ...
Selecting previously unselected package libseat-dev:arm64.
Preparing to unpack .../265-libseat-dev_0.9.1-1_arm64.deb ...
Unpacking libseat-dev:arm64 (0.9.1-1) ...
Selecting previously unselected package libsystemd-dev:arm64.
Preparing to unpack .../266-libsystemd-dev_257.13-1~deb13u1_arm64.deb ...
Unpacking libsystemd-dev:arm64 (257.13-1~deb13u1) ...
Selecting previously unselected package libtirpc-common.
Preparing to unpack .../267-libtirpc-common_1.3.6+ds-1_all.deb ...
Unpacking libtirpc-common (1.3.6+ds-1) ...
Selecting previously unselected package libtirpc3t64:arm64.
Preparing to unpack .../268-libtirpc3t64_1.3.6+ds-1_arm64.deb ...
Adding 'diversion of /lib/aarch64-linux-gnu/libtirpc.so.3 to /lib/aarch64-linux-gnu/libtirpc.so.3.usr-is-merged by libtirpc3t64'
Adding 'diversion of /lib/aarch64-linux-gnu/libtirpc.so.3.0.0 to /lib/aarch64-linux-gnu/libtirpc.so.3.0.0.usr-is-merged by libtirpc3t64'
Unpacking libtirpc3t64:arm64 (1.3.6+ds-1) ...
Selecting previously unselected package libvulkan-dev:arm64.
Preparing to unpack .../269-libvulkan-dev_1.4.309.0-1_arm64.deb ...
Unpacking libvulkan-dev:arm64 (1.4.309.0-1) ...
Selecting previously unselected package libwayland-bin.
Preparing to unpack .../270-libwayland-bin_1.24.0-2~bpo13+1~rpt1_arm64.deb ...
Unpacking libwayland-bin (1.24.0-2~bpo13+1~rpt1) ...
Selecting previously unselected package libwayland-cursor0:arm64.
Preparing to unpack .../271-libwayland-cursor0_1.24.0-2~bpo13+1~rpt1_arm64.deb ...
Unpacking libwayland-cursor0:arm64 (1.24.0-2~bpo13+1~rpt1) ...
Selecting previously unselected package libwayland-egl1:arm64.
Preparing to unpack .../272-libwayland-egl1_1.24.0-2~bpo13+1~rpt1_arm64.deb ...
Unpacking libwayland-egl1:arm64 (1.24.0-2~bpo13+1~rpt1) ...
Selecting previously unselected package libwayland-dev:arm64.
Preparing to unpack .../273-libwayland-dev_1.24.0-2~bpo13+1~rpt1_arm64.deb ...
Unpacking libwayland-dev:arm64 (1.24.0-2~bpo13+1~rpt1) ...
Selecting previously unselected package libxcb-composite0:arm64.
Preparing to unpack .../274-libxcb-composite0_1.17.0-2+b1_arm64.deb ...
Unpacking libxcb-composite0:arm64 (1.17.0-2+b1) ...
Selecting previously unselected package libxcb-errors0:arm64.
Preparing to unpack .../275-libxcb-errors0_1.0.1-4_arm64.deb ...
Unpacking libxcb-errors0:arm64 (1.0.1-4) ...
Selecting previously unselected package libxcb-ewmh2:arm64.
Preparing to unpack .../276-libxcb-ewmh2_0.4.2-1_arm64.deb ...
Unpacking libxcb-ewmh2:arm64 (0.4.2-1) ...
Selecting previously unselected package libxcb-icccm4:arm64.
Preparing to unpack .../277-libxcb-icccm4_0.4.2-1_arm64.deb ...
Unpacking libxcb-icccm4:arm64 (0.4.2-1) ...
Selecting previously unselected package libxcb-render-util0:arm64.
Preparing to unpack .../278-libxcb-render-util0_0.3.10-1_arm64.deb ...
Unpacking libxcb-render-util0:arm64 (0.3.10-1) ...
Selecting previously unselected package libxcb-res0:arm64.
Preparing to unpack .../279-libxcb-res0_1.17.0-2+b1_arm64.deb ...
Unpacking libxcb-res0:arm64 (1.17.0-2+b1) ...
Selecting previously unselected package libxcb-xinput0:arm64.
Preparing to unpack .../280-libxcb-xinput0_1.17.0-2+b1_arm64.deb ...
Unpacking libxcb-xinput0:arm64 (1.17.0-2+b1) ...
Selecting previously unselected package xkb-data.
Preparing to unpack .../281-xkb-data_2.42-1_all.deb ...
Unpacking xkb-data (2.42-1) ...
Selecting previously unselected package libxkbcommon0:arm64.
Preparing to unpack .../282-libxkbcommon0_1.13.1-1~bpo13+1+rpt1_arm64.deb ...
Unpacking libxkbcommon0:arm64 (1.13.1-1~bpo13+1+rpt1) ...
Selecting previously unselected package libwlroots-0.19:arm64.
Preparing to unpack .../283-libwlroots-0.19_0.19.1-1+rpt5_arm64.deb ...
Unpacking libwlroots-0.19:arm64 (0.19.1-1+rpt5) ...
Selecting previously unselected package libx11-xcb-dev:arm64.
Preparing to unpack .../284-libx11-xcb-dev_2%3a1.8.12-1_arm64.deb ...
Unpacking libx11-xcb-dev:arm64 (2:1.8.12-1) ...
Selecting previously unselected package libxcb-shape0:arm64.
Preparing to unpack .../285-libxcb-shape0_1.17.0-2+b1_arm64.deb ...
Unpacking libxcb-shape0:arm64 (1.17.0-2+b1) ...
Selecting previously unselected package libxcb-shape0-dev:arm64.
Preparing to unpack .../286-libxcb-shape0-dev_1.17.0-2+b1_arm64.deb ...
Unpacking libxcb-shape0-dev:arm64 (1.17.0-2+b1) ...
Selecting previously unselected package libxcb-xfixes0-dev:arm64.
Preparing to unpack .../287-libxcb-xfixes0-dev_1.17.0-2+b1_arm64.deb ...
Unpacking libxcb-xfixes0-dev:arm64 (1.17.0-2+b1) ...
Selecting previously unselected package libxcb-composite0-dev:arm64.
Preparing to unpack .../288-libxcb-composite0-dev_1.17.0-2+b1_arm64.deb ...
Unpacking libxcb-composite0-dev:arm64 (1.17.0-2+b1) ...
Selecting previously unselected package libxcb-dri3-dev:arm64.
Preparing to unpack .../289-libxcb-dri3-dev_1.17.0-2+b1_arm64.deb ...
Unpacking libxcb-dri3-dev:arm64 (1.17.0-2+b1) ...
Selecting previously unselected package libxcb-errors-dev:arm64.
Preparing to unpack .../290-libxcb-errors-dev_1.0.1-4_arm64.deb ...
Unpacking libxcb-errors-dev:arm64 (1.0.1-4) ...
Selecting previously unselected package libxcb-ewmh-dev:arm64.
Preparing to unpack .../291-libxcb-ewmh-dev_0.4.2-1_arm64.deb ...
Unpacking libxcb-ewmh-dev:arm64 (0.4.2-1) ...
Selecting previously unselected package libxcb-icccm4-dev:arm64.
Preparing to unpack .../292-libxcb-icccm4-dev_0.4.2-1_arm64.deb ...
Unpacking libxcb-icccm4-dev:arm64 (0.4.2-1) ...
Selecting previously unselected package libxcb-util1:arm64.
Preparing to unpack .../293-libxcb-util1_0.4.1-1_arm64.deb ...
Unpacking libxcb-util1:arm64 (0.4.1-1) ...
Selecting previously unselected package libxcb-image0:arm64.
Preparing to unpack .../294-libxcb-image0_0.4.0-2+b2_arm64.deb ...
Unpacking libxcb-image0:arm64 (0.4.0-2+b2) ...
Selecting previously unselected package libxcb-image0-dev:arm64.
Preparing to unpack .../295-libxcb-image0-dev_0.4.0-2+b2_arm64.deb ...
Unpacking libxcb-image0-dev:arm64 (0.4.0-2+b2) ...
Selecting previously unselected package libxcb-randr0-dev:arm64.
Preparing to unpack .../296-libxcb-randr0-dev_1.17.0-2+b1_arm64.deb ...
Unpacking libxcb-randr0-dev:arm64 (1.17.0-2+b1) ...
Selecting previously unselected package libxcb-sync-dev:arm64.
Preparing to unpack .../297-libxcb-sync-dev_1.17.0-2+b1_arm64.deb ...
Unpacking libxcb-sync-dev:arm64 (1.17.0-2+b1) ...
Selecting previously unselected package libxcb-present-dev:arm64.
Preparing to unpack .../298-libxcb-present-dev_1.17.0-2+b1_arm64.deb ...
Unpacking libxcb-present-dev:arm64 (1.17.0-2+b1) ...
Selecting previously unselected package libxcb-render-util0-dev:arm64.
Preparing to unpack .../299-libxcb-render-util0-dev_0.3.10-1_arm64.deb ...
Unpacking libxcb-render-util0-dev:arm64 (0.3.10-1) ...
Selecting previously unselected package libxcb-res0-dev:arm64.
Preparing to unpack .../300-libxcb-res0-dev_1.17.0-2+b1_arm64.deb ...
Unpacking libxcb-res0-dev:arm64 (1.17.0-2+b1) ...
Selecting previously unselected package libxcb-xinput-dev:arm64.
Preparing to unpack .../301-libxcb-xinput-dev_1.17.0-2+b1_arm64.deb ...
Unpacking libxcb-xinput-dev:arm64 (1.17.0-2+b1) ...
Selecting previously unselected package libxkbcommon-dev:arm64.
Preparing to unpack .../302-libxkbcommon-dev_1.13.1-1~bpo13+1+rpt1_arm64.deb ...
Unpacking libxkbcommon-dev:arm64 (1.13.1-1~bpo13+1+rpt1) ...
Selecting previously unselected package wayland-protocols.
Preparing to unpack .../303-wayland-protocols_1.47-1~bpo13+1~rpt1_all.deb ...
Unpacking wayland-protocols (1.47-1~bpo13+1~rpt1) ...
Selecting previously unselected package libwlroots-0.19-dev:arm64.
Preparing to unpack .../304-libwlroots-0.19-dev_0.19.1-1+rpt5_arm64.deb ...
Unpacking libwlroots-0.19-dev:arm64 (0.19.1-1+rpt5) ...
Selecting previously unselected package libxt6t64:arm64.
Preparing to unpack .../305-libxt6t64_1%3a1.2.1-1.2+b2_arm64.deb ...
Unpacking libxt6t64:arm64 (1:1.2.1-1.2+b2) ...
Selecting previously unselected package libxmu6:arm64.
Preparing to unpack .../306-libxmu6_2%3a1.1.3-3+b4_arm64.deb ...
Unpacking libxmu6:arm64 (2:1.1.3-3+b4) ...
Selecting previously unselected package libxpm4:arm64.
Preparing to unpack .../307-libxpm4_1%3a3.5.17-1+deb13u1_arm64.deb ...
Unpacking libxpm4:arm64 (1:3.5.17-1+deb13u1) ...
Selecting previously unselected package libxaw7:arm64.
Preparing to unpack .../308-libxaw7_2%3a1.0.16-1_arm64.deb ...
Unpacking libxaw7:arm64 (2:1.0.16-1) ...
Selecting previously unselected package libxcvt0:arm64.
Preparing to unpack .../309-libxcvt0_0.1.3-1_arm64.deb ...
Unpacking libxcvt0:arm64 (0.1.3-1) ...
Selecting previously unselected package libxfont2:arm64.
Preparing to unpack .../310-libxfont2_1%3a2.0.6-1+deb13u1_arm64.deb ...
Unpacking libxfont2:arm64 (1:2.0.6-1+deb13u1) ...
Selecting previously unselected package libxkbfile1:arm64.
Preparing to unpack .../311-libxkbfile1_1%3a1.1.0-1+b4_arm64.deb ...
Unpacking libxkbfile1:arm64 (1:1.1.0-1+b4) ...
Selecting previously unselected package libxrandr2:arm64.
Preparing to unpack .../312-libxrandr2_2%3a1.5.4-1+b3_arm64.deb ...
Unpacking libxrandr2:arm64 (2:1.5.4-1+b3) ...
Selecting previously unselected package ninja-build.
Preparing to unpack .../313-ninja-build_1.12.1-1+b1_arm64.deb ...
Unpacking ninja-build (1.12.1-1+b1) ...
Selecting previously unselected package python3-autocommand.
Preparing to unpack .../314-python3-autocommand_2.2.2-3_all.deb ...
Unpacking python3-autocommand (2.2.2-3) ...
Selecting previously unselected package python3-more-itertools.
Preparing to unpack .../315-python3-more-itertools_10.7.0-1_all.deb ...
Unpacking python3-more-itertools (10.7.0-1) ...
Selecting previously unselected package python3-typing-extensions.
Preparing to unpack .../316-python3-typing-extensions_4.13.2-1_all.deb ...
Unpacking python3-typing-extensions (4.13.2-1) ...
Selecting previously unselected package python3-typeguard.
Preparing to unpack .../317-python3-typeguard_4.4.2-1_all.deb ...
Unpacking python3-typeguard (4.4.2-1) ...
Selecting previously unselected package python3-inflect.
Preparing to unpack .../318-python3-inflect_7.3.1-2_all.deb ...
Unpacking python3-inflect (7.3.1-2) ...
Selecting previously unselected package python3-jaraco.context.
Preparing to unpack .../319-python3-jaraco.context_6.0.1-1+deb13u1_all.deb ...
Unpacking python3-jaraco.context (6.0.1-1+deb13u1) ...
Selecting previously unselected package python3-jaraco.functools.
Preparing to unpack .../320-python3-jaraco.functools_4.1.0-1_all.deb ...
Unpacking python3-jaraco.functools (4.1.0-1) ...
Selecting previously unselected package python3-pkg-resources.
Preparing to unpack .../321-python3-pkg-resources_78.1.1-0.1_all.deb ...
Unpacking python3-pkg-resources (78.1.1-0.1) ...
Selecting previously unselected package python3-jaraco.text.
Preparing to unpack .../322-python3-jaraco.text_4.0.0-1_all.deb ...
Unpacking python3-jaraco.text (4.0.0-1) ...
Selecting previously unselected package python3-zipp.
Preparing to unpack .../323-python3-zipp_3.21.0-1_all.deb ...
Unpacking python3-zipp (3.21.0-1) ...
Selecting previously unselected package python3-setuptools.
Preparing to unpack .../324-python3-setuptools_78.1.1-0.1_all.deb ...
Unpacking python3-setuptools (78.1.1-0.1) ...
Selecting previously unselected package meson.
Preparing to unpack .../325-meson_1.7.0-1_all.deb ...
Unpacking meson (1.7.0-1) ...
Selecting previously unselected package pkg-config:arm64.
Preparing to unpack .../326-pkg-config_1.8.1-4_arm64.deb ...
Unpacking pkg-config:arm64 (1.8.1-4) ...
Selecting previously unselected package x11-xkb-utils.
Preparing to unpack .../327-x11-xkb-utils_7.7+9_arm64.deb ...
Unpacking x11-xkb-utils (7.7+9) ...
Selecting previously unselected package xserver-common.
Preparing to unpack .../328-xserver-common_2%3a21.1.16-1.3+rpt1+deb13u4_all.deb ...
Unpacking xserver-common (2:21.1.16-1.3+rpt1+deb13u4) ...
Selecting previously unselected package xwayland.
Preparing to unpack .../329-xwayland_2%3a24.1.6-1+rpt1_arm64.deb ...
Unpacking xwayland (2:24.1.6-1+rpt1) ...
Setting up media-types (13.0.0) ...
Setting up libgraphite2-3:arm64 (1.3.14-2+deb13u1) ...
Setting up liblcms2-2:arm64 (2.16-2+deb13u2) ...
Setting up libpixman-1-0:arm64 (0.46.4-1+rpt1) ...
Setting up libsharpyuv0:arm64 (1.5.0-0.1) ...
Setting up libwayland-server0:arm64 (1.24.0-2~bpo13+1~rpt1) ...
Setting up libpciaccess0:arm64 (0.17-3+b3) ...
Setting up libxau6:arm64 (1:1.0.11-1) ...
Setting up libxdmcp6:arm64 (1:1.1.5-1) ...
Setting up libxcb1:arm64 (1.17.0-2+b1) ...
Setting up seatd (0.9.1-1) ...
invoke-rc.d: could not determine current runlevel
invoke-rc.d: policy-rc.d denied execution of start.
Setting up libpixman-1-dev:arm64 (0.46.4-1+rpt1) ...
Setting up native-architecture (0.2.6) ...
Setting up libpciaccess-dev:arm64 (0.17-3+b3) ...
Setting up libxcb-xfixes0:arm64 (1.17.0-2+b1) ...
Setting up liblerc4:arm64 (4.0.0+ds-5) ...
Setting up libzstd-dev:arm64 (1.5.7+dfsg-1) ...
Setting up libglvnd-core-dev:arm64 (1.7.0-1+b2) ...
Setting up libxcb-xinput0:arm64 (1.17.0-2+b1) ...
Setting up libdatrie1:arm64 (0.2.13-3+b1) ...
Setting up libxcb-render0:arm64 (1.17.0-2+b1) ...
Setting up libxcb-errors0:arm64 (1.0.1-4) ...
Setting up libglvnd0:arm64 (1.7.0-1+b2) ...
Setting up libtirpc-common (1.3.6+ds-1) ...
Setting up libxcb-glx0:arm64 (1.17.0-2+b1) ...
Setting up libedit2:arm64 (3.1-20250104-1) ...
Setting up libgdk-pixbuf2.0-common (2.42.12+dfsg-4+deb13u1) ...
Setting up libxcb-shape0:arm64 (1.17.0-2+b1) ...
Setting up binutils-common:arm64 (2.44-3) ...
Setting up x11-common (1:7.7+24+deb13u1) ...
debconf: unable to initialize frontend: Dialog
debconf: (TERM is not set, so the dialog frontend is not usable.)
debconf: falling back to frontend: Readline
debconf: unable to initialize frontend: Readline
debconf: (This frontend requires a controlling tty.)
debconf: falling back to frontend: Teletype
debconf: unable to initialize frontend: Teletype
debconf: (This frontend requires a controlling tty.)
debconf: falling back to frontend: Noninteractive
invoke-rc.d: could not determine current runlevel
invoke-rc.d: policy-rc.d denied execution of start.
Setting up libsensors-config (1:3.6.2-2) ...
Setting up libdisplay-info2:arm64 (0.2.0-2) ...
Setting up libdeflate0:arm64 (1.23-2) ...
Setting up linux-libc-dev (1:6.18.50-1+rpt1) ...
Setting up libwebpdecoder3:arm64 (1.5.0-0.1) ...
Setting up libctf-nobfd0:arm64 (2.44-3) ...
Setting up gettext-base (0.23.1-2) ...
Setting up libxcb-render-util0:arm64 (0.3.10-1) ...
Setting up xkb-data (2.42-1) ...
Setting up liblzo2-2:arm64 (2.10-3+b1) ...
Setting up libxcb-shm0:arm64 (1.17.0-2+b1) ...
Setting up libxcb-icccm4:arm64 (0.4.2-1) ...
Setting up libgomp1:arm64 (14.2.0-19) ...
Setting up bzip2 (1.0.8-6) ...
Setting up libffi-dev:arm64 (3.4.8-2) ...
Setting up libjbig0:arm64 (2.1-6.1+b2) ...
Setting up libpcre2-16-0:arm64 (10.46-1~deb13u3) ...
Setting up libsframe1:arm64 (2.44-3) ...
Setting up libopengl0:arm64 (1.7.0-1+b2) ...
Setting up ninja-build (1.12.1-1+b1) ...
Setting up libelf1t64:arm64 (0.192-4) ...
Setting up libxcb-util1:arm64 (0.4.1-1) ...
Setting up libjansson4:arm64 (2.14-2+b3) ...
Setting up libxcb-image0:arm64 (0.4.0-2+b2) ...
Setting up libxcb-present0:arm64 (1.17.0-2+b1) ...
Setting up libsysprof-capture-4-dev:arm64 (48.0-2) ...
Setting up xtrans-dev (1.4.0-1) ...
Setting up libgraphite2-dev:arm64 (1.3.14-2+deb13u1) ...
Setting up libfontenc1:arm64 (1:1.1.8-1+b2) ...
Setting up libz3-4:arm64 (4.13.3-1) ...
Setting up libpcre2-32-0:arm64 (10.46-1~deb13u3) ...
Setting up libglib2.0-data (2.84.4-3~deb13u5) ...
Setting up libpkgconf3:arm64 (1.8.1-4) ...
Setting up rpcsvc-proto (1.4.3-1+b1) ...
Setting up libgles2:arm64 (1.7.0-1+b2) ...
Setting up libjpeg62-turbo:arm64 (1:2.1.5-4) ...
Setting up libx11-data (2:1.8.12-1) ...
Setting up make (4.4.1-2) ...
Setting up libepoxy0:arm64 (1.5.10-2) ...
Setting up libmpfr6:arm64 (4.2.2-1) ...
Setting up libxcb-sync1:arm64 (1.17.0-2+b1) ...
Setting up libgles1:arm64 (1.7.0-1+b2) ...
Setting up xz-utils (5.8.1-1+deb13u2) ...
update-alternatives: using /usr/bin/xz to provide /usr/bin/lzma (lzma) in auto mode
Setting up libfribidi0:arm64 (1.0.16-1) ...
Setting up fonts-dejavu-mono (2.37-8) ...
Setting up libpng16-16t64:arm64 (1.6.48-1+deb13u6) ...
Setting up libmpc3:arm64 (1.3.1-1+b3) ...
Setting up libatomic1:arm64 (14.2.0-19) ...
Setting up patch (2.8-2) ...
Setting up fonts-dejavu-core (2.37-8) ...
Setting up libxcb-errors-dev:arm64 (1.0.1-4) ...
Setting up libsepol-dev:arm64 (3.8.1-1) ...
Setting up pkgconf-bin (1.8.1-4) ...
Setting up libsensors5:arm64 (1:3.6.2-2) ...
Setting up liblerc-dev:arm64 (4.0.0+ds-5) ...
Setting up libdpkg-perl (1.22.22) ...
Setting up libvulkan1:arm64 (1.4.309.0-1) ...
Setting up libwebp7:arm64 (1.5.0-0.1) ...
Setting up liblcms2-dev:arm64 (2.16-2+deb13u2) ...
Setting up liblzma-dev:arm64 (5.8.1-1+deb13u2) ...
Setting up libubsan1:arm64 (14.2.0-19) ...
Setting up libpcre2-posix3:arm64 (10.46-1~deb13u3) ...
Setting up wayland-protocols (1.47-1~bpo13+1~rpt1) ...
Setting up libxcb-composite0:arm64 (1.17.0-2+b1) ...
Setting up libdav1d7:arm64 (1.5.1-1) ...
Setting up libmtdev1t64:arm64 (1.1.7-1) ...
Setting up libxshmfence1:arm64 (1.3.3-1) ...
Setting up libhwasan0:arm64 (14.2.0-19) ...
Setting up libcrypt-dev:arm64 (1:4.4.38-1) ...
Setting up libtiff6:arm64 (4.7.0-3+deb13u3) ...
Setting up libxcb-randr0:arm64 (1.17.0-2+b1) ...
Setting up libasan8:arm64 (14.2.0-19) ...
Setting up libxcvt0:arm64 (0.1.3-1) ...
Setting up libx11-6:arm64 (2:1.8.12-1) ...
Setting up libthai-data (0.1.29-2) ...
Setting up xorg-sgml-doctools (1:1.11-1.1) ...
Setting up netbase (6.5) ...
Setting up libxcb-ewmh2:arm64 (0.4.2-1) ...
Setting up libwayland-egl1:arm64 (1.24.0-2~bpo13+1~rpt1) ...
Setting up libicu76:arm64 (76.1-4) ...
Setting up libseat1:arm64 (0.9.1-1) ...
Setting up libxkbfile1:arm64 (1:1.1.0-1+b4) ...
Setting up libtsan2:arm64 (14.2.0-19) ...
Setting up libopengl-dev:arm64 (1.7.0-1+b2) ...
Setting up libbinutils:arm64 (2.44-3) ...
Setting up libisl23:arm64 (0.27-1) ...
Setting up libsharpyuv-dev:arm64 (1.5.0-0.1) ...
Setting up libc-dev-bin (2.41-12+rpt1+deb13u4) ...
Setting up libwebpmux3:arm64 (1.5.0-0.1) ...
Setting up libtiffxx6:arm64 (4.7.0-3+deb13u3) ...
Setting up libcap-dev:arm64 (1:2.75-10+deb13u1+b3) ...
Setting up libdeflate-dev:arm64 (1.23-2) ...
Setting up libdrm-common (2.4.134-3~bpo13+1+rpt1) ...
Setting up libpython3.13-stdlib:arm64 (3.13.5-2+deb13u5) ...
Setting up libevdev2:arm64 (1.13.4+dfsg-1) ...
Setting up libxml2:arm64 (2.12.7+dfsg+really2.9.14-2.1+deb13u3) ...
Setting up libcc1-0:arm64 (14.2.0-19) ...
Setting up libsystemd-dev:arm64 (257.13-1~deb13u1) ...
Setting up libbrotli-dev:arm64 (1.1.0-2+b7) ...
Setting up liblsan0:arm64 (14.2.0-19) ...
Setting up libitm1:arm64 (14.2.0-19) ...
Setting up libpython3-stdlib:arm64 (3.13.5-1) ...
Setting up libwacom-common (2.14.0-1) ...
Setting up libxkbcommon0:arm64 (1.13.1-1~bpo13+1+rpt1) ...
Setting up libwayland-client0:arm64 (1.24.0-2~bpo13+1~rpt1) ...
Setting up libctf0:arm64 (2.44-3) ...
Setting up x11proto-dev (2024.1-1) ...
Setting up libxcb-dri3-0:arm64 (1.17.0-2+b1) ...
Setting up libllvm19:arm64 (1:19.1.7-3+b1) ...
Setting up libx11-xcb1:arm64 (2:1.8.12-1) ...
Setting up libice6:arm64 (2:1.1.1-1) ...
Setting up libxcb-res0:arm64 (1.17.0-2+b1) ...
Setting up libdisplay-info-dev:arm64 (0.2.0-2) ...
Setting up gettext (0.23.1-2) ...
Setting up libseat-dev:arm64 (0.9.1-1) ...
Setting up libxau-dev:arm64 (1:1.0.11-1) ...
Setting up libxpm4:arm64 (1:3.5.17-1+deb13u1) ...
Setting up libxrender1:arm64 (1:0.9.12-1) ...
Setting up libice-dev:arm64 (2:1.1.1-1) ...
Setting up libtirpc3t64:arm64 (1.3.6+ds-1) ...
Setting up libevdev-dev:arm64 (1.13.4+dfsg-1) ...
Setting up python3.13 (3.13.5-2+deb13u5) ...
Setting up libmtdev-dev:arm64 (1.1.7-1) ...
Setting up fontconfig-config (2.15.0-2.3) ...
debconf: unable to initialize frontend: Dialog
debconf: (TERM is not set, so the dialog frontend is not usable.)
debconf: falling back to frontend: Readline
debconf: unable to initialize frontend: Readline
debconf: (This frontend requires a controlling tty.)
debconf: falling back to frontend: Teletype
debconf: unable to initialize frontend: Teletype
debconf: (This frontend requires a controlling tty.)
debconf: falling back to frontend: Noninteractive
Setting up libfribidi-dev:arm64 (1.0.16-1) ...
Setting up libwebpdemux2:arm64 (1.5.0-0.1) ...
Setting up libxkbcommon-dev:arm64 (1.13.1-1~bpo13+1+rpt1) ...
Setting up libjbig-dev:arm64 (2.1-6.1+b2) ...
Setting up libxext6:arm64 (2:1.3.4-1+b3) ...
Setting up binutils-aarch64-linux-gnu (2.44-3) ...
Setting up python3 (3.13.5-1) ...
running python rtupdate hooks for python3.13...
running python post-rtupdate hooks for python3.13...
Setting up python3-zipp (3.21.0-1) ...
Setting up python3-autocommand (2.2.2-3) ...
Setting up pkgconf:arm64 (1.8.1-4) ...
Setting up libxxf86vm1:arm64 (1:1.1.4-1+b4) ...
Setting up libthai0:arm64 (0.1.29-2+b1) ...
Setting up libxdmcp-dev:arm64 (1:1.1.5-1) ...
Setting up libwayland-bin (1.24.0-2~bpo13+1~rpt1) ...
Setting up libxml2-dev:arm64 (2.12.7+dfsg+really2.9.14-2.1+deb13u3) ...
Setting up libglib2.0-0t64:arm64 (2.84.4-3~deb13u5) ...
No schema files found: doing nothing.
Setting up libgprofng0:arm64 (2.44-3) ...
Setting up libwebp-dev:arm64 (1.5.0-0.1) ...
Setting up python3-packaging (25.0-1) ...
Setting up libfreetype6:arm64 (2.13.3+dfsg-1+deb13u1) ...
Setting up libdav1d-dev:arm64 (1.5.1-1) ...
Setting up shared-mime-info (2.4-5+b2) ...
Setting up libxrandr2:arm64 (2:1.5.4-1+b3) ...
Setting up icu-devtools (76.1-4) ...
Setting up pkg-config:arm64 (1.8.1-4) ...
Setting up libudev-dev:arm64 (257.13-1~deb13u1) ...
Setting up python3-typing-extensions (4.13.2-1) ...
Setting up gir1.2-glib-2.0:arm64 (2.84.4-3~deb13u5) ...
Setting up libdrm2:arm64 (2.4.134-3~bpo13+1+rpt1) ...
Setting up libdatrie-dev:arm64 (0.2.13-3+b1) ...
Setting up cpp-14-aarch64-linux-gnu (14.2.0-19) ...
Setting up gir1.2-glib-2.0-dev:arm64 (2.84.4-3~deb13u5) ...
Setting up libwayland-cursor0:arm64 (1.24.0-2~bpo13+1~rpt1) ...
Setting up libdecor-0-0:arm64 (0.2.2-2) ...
Setting up libc6-dev:arm64 (2.41-12+rpt1+deb13u4) ...
Setting up libharfbuzz0b:arm64 (10.2.0-1+deb13u1) ...
Setting up libgdk-pixbuf-2.0-0:arm64 (2.42.12+dfsg-4+deb13u1) ...
Setting up libfontconfig1:arm64 (2.15.0-2.3) ...
Setting up libgcc-14-dev:arm64 (14.2.0-19) ...
Setting up libstdc++-14-dev:arm64 (14.2.0-19) ...
Setting up libsm6:arm64 (2:1.2.6-1) ...
Setting up libxfont2:arm64 (1:2.0.6-1+deb13u1) ...
Setting up libicu-dev:arm64 (76.1-4) ...
Setting up libgudev-1.0-0:arm64 (238-6) ...
Setting up libdrm-amdgpu1:arm64 (2.4.134-3~bpo13+1+rpt1) ...
Setting up libbz2-dev:arm64 (1.0.8-6) ...
Setting up python3-more-itertools (10.7.0-1) ...
Setting up libliftoff0:arm64 (0.5.0-1.1+rpt6) ...
Setting up mesa-libgallium:arm64 (26.2.2-1~bpo13+0~rpt1) ...
Setting up fontconfig (2.15.0-2.3) ...
Regenerating fonts cache... done.
Setting up libgio-2.0-dev-bin (2.84.4-3~deb13u5) ...
Setting up libxft2:arm64 (2.3.6-1+b4) ...
Setting up libvulkan-dev:arm64 (1.4.309.0-1) ...
Setting up libdrm-nouveau2:arm64 (2.4.134-3~bpo13+1+rpt1) ...
Setting up libharfbuzz-icu0:arm64 (10.2.0-1+deb13u1) ...
Setting up libdrm-etnaviv1:arm64 (2.4.134-3~bpo13+1+rpt1) ...
Setting up libxcb1-dev:arm64 (1.17.0-2+b1) ...
Setting up python3-jaraco.functools (4.1.0-1) ...
Setting up libpcre2-dev:arm64 (10.46-1~deb13u3) ...
Setting up gir1.2-gdkpixbuf-2.0:arm64 (2.42.12+dfsg-4+deb13u1) ...
Setting up python3-jaraco.context (6.0.1-1+deb13u1) ...
Setting up libgbm1:arm64 (26.2.2-1~bpo13+0~rpt1) ...
Setting up libgirepository-2.0-0:arm64 (2.84.4-3~deb13u5) ...
Setting up libwacom9:arm64 (2.14.0-1) ...
Setting up libselinux1-dev:arm64 (3.8.1-1) ...
Setting up libdrm-radeon1:arm64 (2.4.134-3~bpo13+1+rpt1) ...
Setting up libpango-1.0-0:arm64 (1.56.3-1) ...
Setting up python3-typeguard (4.4.2-1) ...
Setting up libdrm-intel1:arm64 (2.4.134-3~bpo13+1+rpt1) ...
Setting up libgl1-mesa-dri:arm64 (26.2.2-1~bpo13+0~rpt1) ...
Setting up libx11-dev:arm64 (2:1.8.12-1) ...
Setting up libxcb-dri3-dev:arm64 (1.17.0-2+b1) ...
Setting up libglib2.0-bin (2.84.4-3~deb13u5) ...
Setting up libxcb-res0-dev:arm64 (1.17.0-2+b1) ...
Setting up libharfbuzz-gobject0:arm64 (10.2.0-1+deb13u1) ...
Setting up binutils (2.44-3) ...
Setting up libwayland-dev:arm64 (1.24.0-2~bpo13+1~rpt1) ...
Setting up libcairo2:arm64 (1.18.4-1+rpt1) ...
Setting up libgbm-dev:arm64 (26.2.2-1~bpo13+0~rpt1) ...
Setting up dpkg-dev (1.22.22) ...
Setting up libinput-bin (1.28.1-1+rpt1+deb13u1) ...
Setting up libxcb-shm0-dev:arm64 (1.17.0-2+b1) ...
Setting up python3-inflect (7.3.1-2) ...
Setting up cpp-aarch64-linux-gnu (4:14.2.0-1) ...
Setting up libegl-mesa0:arm64 (26.2.2-1~bpo13+0~rpt1) ...
Setting up libexpat1-dev:arm64 (2.8.3-1~deb13u1) ...
Setting up libharfbuzz-cairo0:arm64 (10.2.0-1+deb13u1) ...
Setting up libjpeg62-turbo-dev:arm64 (1:2.1.5-4) ...
Setting up python3-jaraco.text (4.0.0-1) ...
Setting up uuid-dev:arm64 (2.41.5-0+deb13u1) ...
Setting up gir1.2-gudev-1.0:arm64 (238-6) ...
Setting up libxt6t64:arm64 (1:1.2.1-1.2+b2) ...
Setting up libdrm-freedreno1:arm64 (2.4.134-3~bpo13+1+rpt1) ...
Setting up libxcb-render0-dev:arm64 (1.17.0-2+b1) ...
Setting up libdrm-tegra0:arm64 (2.4.134-3~bpo13+1+rpt1) ...
Setting up libxcb-icccm4-dev:arm64 (0.4.2-1) ...
Setting up cpp-14 (14.2.0-19) ...
Setting up libxcb-shape0-dev:arm64 (1.17.0-2+b1) ...
Setting up libxext-dev:arm64 (2:1.3.4-1+b3) ...
Setting up libthai-dev:arm64 (0.1.29-2+b1) ...
Setting up zlib1g-dev:arm64 (1:1.3.dfsg+really1.3.1-1+b1) ...
Setting up libxcb-render-util0-dev:arm64 (0.3.10-1) ...
Setting up libgdk-pixbuf2.0-bin (2.42.12+dfsg-4+deb13u1) ...
Setting up cpp (4:14.2.0-1) ...
Setting up libegl1:arm64 (1.7.0-1+b2) ...
Setting up libharfbuzz-subset0:arm64 (10.2.0-1+deb13u1) ...
Setting up libxcb-sync-dev:arm64 (1.17.0-2+b1) ...
Setting up libcairo-gobject2:arm64 (1.18.4-1+rpt1) ...
Setting up libxcb-xfixes0-dev:arm64 (1.17.0-2+b1) ...
Setting up gcc-14-aarch64-linux-gnu (14.2.0-19) ...
Setting up libpangoft2-1.0-0:arm64 (1.56.3-1) ...
Setting up libxrender-dev:arm64 (1:0.9.12-1) ...
Setting up libpangocairo-1.0-0:arm64 (1.56.3-1) ...
Setting up libxcb-image0-dev:arm64 (0.4.0-2+b2) ...
Setting up libliftoff-dev:arm64 (0.5.0-1.1+rpt6) ...
Setting up python3-pkg-resources (78.1.1-0.1) ...
Setting up libcairo-script-interpreter2:arm64 (1.18.4-1+rpt1) ...
Setting up gcc-aarch64-linux-gnu (4:14.2.0-1) ...
Setting up libinput10:arm64 (1.28.1-1+rpt1+deb13u1) ...
Setting up libblkid-dev:arm64 (2.41.5-0+deb13u1) ...
Setting up libx11-xcb-dev:arm64 (2:1.8.12-1) ...
Setting up libxcb-ewmh-dev:arm64 (0.4.2-1) ...
Setting up libdrm-dev:arm64 (2.4.134-3~bpo13+1+rpt1) ...
Setting up libxmu6:arm64 (2:1.1.3-3+b4) ...
Setting up gir1.2-freedesktop:arm64 (1.84.0-1) ...
Setting up g++-14-aarch64-linux-gnu (14.2.0-19) ...
Setting up girepository-tools:arm64 (2.84.4-3~deb13u5) ...
Setting up libglx-mesa0:arm64 (26.2.2-1~bpo13+0~rpt1) ...
Setting up python3-setuptools (78.1.1-0.1) ...
Setting up libpangoxft-1.0-0:arm64 (1.56.3-1) ...
Setting up libglx0:arm64 (1.7.0-1+b2) ...
Setting up libxcb-composite0-dev:arm64 (1.17.0-2+b1) ...
Setting up libsm-dev:arm64 (2:1.2.6-1) ...
Setting up libpng-dev:arm64 (1.6.48-1+deb13u6) ...
Setting up pango1.0-tools (1.56.3-1) ...
Setting up libjpeg-dev:arm64 (1:2.1.5-4) ...
Setting up meson (1.7.0-1) ...
Setting up libxaw7:arm64 (2:1.0.16-1) ...
Setting up gir1.2-harfbuzz-0.0:arm64 (10.2.0-1+deb13u1) ...
Setting up gcc-14 (14.2.0-19) ...
Setting up libfreetype-dev:arm64 (2.13.3+dfsg-1+deb13u1) ...
Setting up librsvg2-2:arm64 (2.60.0+dfsg-1) ...
Setting up gir1.2-pango-1.0:arm64 (1.56.3-1) ...
Setting up libgl1:arm64 (1.7.0-1+b2) ...
Setting up libtiff-dev:arm64 (4.7.0-3+deb13u3) ...
Setting up libxcb-randr0-dev:arm64 (1.17.0-2+b1) ...
Setting up libxcb-present-dev:arm64 (1.17.0-2+b1) ...
Setting up gir1.2-freedesktop-dev:arm64 (1.84.0-1) ...
Setting up libwlroots-0.19:arm64 (0.19.1-1+rpt5) ...
Setting up librsvg2-common:arm64 (2.60.0+dfsg-1) ...
Setting up libxcb-xinput-dev:arm64 (1.17.0-2+b1) ...
Setting up g++-aarch64-linux-gnu (4:14.2.0-1) ...
Setting up libglx-dev:arm64 (1.7.0-1+b2) ...
Setting up g++-14 (14.2.0-19) ...
Setting up gir1.2-rsvg-2.0:arm64 (2.60.0+dfsg-1) ...
Setting up libmount-dev:arm64 (2.41.5-0+deb13u1) ...
Setting up libgl-dev:arm64 (1.7.0-1+b2) ...
Setting up libglib2.0-dev-bin (2.84.4-3~deb13u5) ...
Setting up libgio-2.0-dev:arm64 (2.84.4-3~deb13u5) ...
Setting up libegl-dev:arm64 (1.7.0-1+b2) ...
Setting up libfontconfig-dev:arm64 (2.15.0-2.3) ...
Setting up x11-xkb-utils (7.7+9) ...
Setting up gcc (4:14.2.0-1) ...
Setting up libglib2.0-dev:arm64 (2.84.4-3~deb13u5) ...
Setting up g++ (4:14.2.0-1) ...
update-alternatives: using /usr/bin/g++ to provide /usr/bin/c++ (c++) in auto mode
Setting up build-essential (12.12) ...
Setting up libcairo2-dev:arm64 (1.18.4-1+rpt1) ...
Setting up xserver-common (2:21.1.16-1.3+rpt1+deb13u4) ...
Setting up libgles-dev:arm64 (1.7.0-1+b2) ...
Setting up xwayland (2:24.1.6-1+rpt1) ...
Setting up libxft-dev:arm64 (2.3.6-1+b4) ...
Setting up libgdk-pixbuf-2.0-dev:arm64 (2.42.12+dfsg-4+deb13u1) ...
Setting up libharfbuzz-dev:arm64 (10.2.0-1+deb13u1) ...
Setting up libgudev-1.0-dev:arm64 (238-6) ...
Setting up libglvnd-dev:arm64 (1.7.0-1+b2) ...
Setting up libpango1.0-dev:arm64 (1.56.3-1) ...
Setting up librsvg2-dev:arm64 (2.60.0+dfsg-1) ...
Setting up libwacom-dev:arm64 (2.14.0-1) ...
Setting up libgles2-mesa-dev:arm64 (26.2.2-1~bpo13+0~rpt1) ...
Setting up libinput-dev:arm64 (1.28.1-1+rpt1+deb13u1) ...
Setting up libwlroots-0.19-dev:arm64 (0.19.1-1+rpt5) ...
Processing triggers for libc-bin (2.41-12+rpt1+deb13u4) ...
Processing triggers for libgdk-pixbuf-2.0-0:arm64 (2.42.12+dfsg-4+deb13u1) ...
+ apt-get install -y --no-install-recommends libsfdo-dev
Reading package lists...
Building dependency tree...
Reading state information...
The following additional packages will be installed:
  libsfdo0
The following NEW packages will be installed:
  libsfdo-dev libsfdo0
0 upgraded, 2 newly installed, 0 to remove and 3 not upgraded.
Need to get 38.9 kB of archives.
After this operation, 339 kB of additional disk space will be used.
Get:1 http://deb.debian.org/debian trixie/main arm64 libsfdo0 arm64 0.1.3-1+b1 [31.5 kB]
Get:2 http://deb.debian.org/debian trixie/main arm64 libsfdo-dev arm64 0.1.3-1+b1 [7424 B]
debconf: unable to initialize frontend: Dialog
debconf: (TERM is not set, so the dialog frontend is not usable.)
debconf: falling back to frontend: Readline
debconf: unable to initialize frontend: Readline
debconf: (This frontend requires a controlling tty.)
debconf: falling back to frontend: Teletype
debconf: unable to initialize frontend: Teletype
debconf: (This frontend requires a controlling tty.)
debconf: falling back to frontend: Noninteractive
Fetched 38.9 kB in 0s (725 kB/s)
Selecting previously unselected package libsfdo0:arm64.
(Reading database ... (Reading database ... 5%(Reading database ... 10%(Reading database ... 15%(Reading database ... 20%(Reading database ... 25%(Reading database ... 30%(Reading database ... 35%(Reading database ... 40%(Reading database ... 45%(Reading database ... 50%(Reading database ... 55%(Reading database ... 60%(Reading database ... 65%(Reading database ... 70%(Reading database ... 75%(Reading database ... 80%(Reading database ... 85%(Reading database ... 90%(Reading database ... 95%(Reading database ... 100%(Reading database ... 23428 files and directories currently installed.)
Preparing to unpack .../libsfdo0_0.1.3-1+b1_arm64.deb ...
Unpacking libsfdo0:arm64 (0.1.3-1+b1) ...
Selecting previously unselected package libsfdo-dev.
Preparing to unpack .../libsfdo-dev_0.1.3-1+b1_arm64.deb ...
Unpacking libsfdo-dev (0.1.3-1+b1) ...
Setting up libsfdo0:arm64 (0.1.3-1+b1) ...
Setting up libsfdo-dev (0.1.3-1+b1) ...
Processing triggers for libc-bin (2.41-12+rpt1+deb13u4) ...
+ WORK=/tmp/work
+ SRC=/tmp/work/labwc
+ OUT=/__w/labwc-taskbar-per-workspace/labwc-taskbar-per-workspace/out
+ mkdir -p /tmp/work /__w/labwc-taskbar-per-workspace/labwc-taskbar-per-workspace/out
+ git clone --depth 1 --branch 0.9.8 https://github.com/labwc/labwc /tmp/work/labwc
Cloning into '/tmp/work/labwc'...
Note: switching to '42bee04163149e4209517d645435156ca8aff6de'.

You are in 'detached HEAD' state. You can look around, make experimental
changes and commit them, and you can discard any commits you make in this
state without impacting any branches by switching back to a branch.

If you want to create a new branch to retain commits you create, you may
do so (now or later) by using -c with the switch command. Example:

  git switch -c <new-branch-name>

Or undo this operation with:

  git switch -

Turn off this advice by setting config variable advice.detachedHead to false

+ cd /tmp/work/labwc
+ for p in "$OLDPWD"/patches/*.patch
+ git apply --verbose /__w/labwc-taskbar-per-workspace/labwc-taskbar-per-workspace/patches/0001-taskbar-current-workspace-only.patch
Checking patch docs/labwc-config.5.scd...
Checking patch include/config/rcxml.h...
Checking patch include/view-impl-common.h...
Checking patch src/config/rcxml.c...
Checking patch src/view-impl-common.c...
Checking patch src/view.c...
Checking patch src/workspaces.c...
Applied patch docs/labwc-config.5.scd cleanly.
Applied patch include/config/rcxml.h cleanly.
Applied patch include/view-impl-common.h cleanly.
Applied patch src/config/rcxml.c cleanly.
Applied patch src/view-impl-common.c cleanly.
Applied patch src/view.c cleanly.
Applied patch src/workspaces.c cleanly.
+ for p in "$OLDPWD"/patches/*.patch
+ git apply --verbose /__w/labwc-taskbar-per-workspace/labwc-taskbar-per-workspace/patches/0002-menu-show-toggle-state.patch
Checking patch docs/labwc-config.5.scd...
Checking patch include/action.h...
Checking patch include/config/rcxml.h...
Checking patch src/action.c...
Checking patch src/config/rcxml.c...
Checking patch src/menu/menu.c...
Applied patch docs/labwc-config.5.scd cleanly.
Applied patch include/action.h cleanly.
Applied patch include/config/rcxml.h cleanly.
Applied patch src/action.c cleanly.
Applied patch src/config/rcxml.c cleanly.
Applied patch src/menu/menu.c cleanly.
+ meson setup build --prefix=/usr --buildtype=release -Dxwayland=enabled -Dman-pages=disabled -Dnls=enabled
The Meson build system
Version: 1.7.0
Source dir: /tmp/work/labwc
Build dir: /tmp/work/labwc/build
Build type: native build
Project name: labwc
Project version: 0.9.8
C compiler for the host machine: cc (gcc 14.2.0 "cc (Debian 14.2.0-19) 14.2.0")
C linker for the host machine: cc ld.bfd 2.44
Host machine cpu family: aarch64
Host machine cpu: aarch64
Compiler for C supports arguments -Wundef: YES 
Compiler for C supports arguments -Wlogical-op: YES 
Compiler for C supports arguments -Wmissing-include-dirs: YES 
Compiler for C supports arguments -Wold-style-definition: YES 
Compiler for C supports arguments -Wpointer-arith: YES 
Compiler for C supports arguments -Winit-self: YES 
Compiler for C supports arguments -Wstrict-prototypes: YES 
Compiler for C supports arguments -Wimplicit-fallthrough=2: YES 
Compiler for C supports arguments -Wendif-labels: YES 
Compiler for C supports arguments -Wstrict-aliasing=2: YES 
Compiler for C supports arguments -Woverflow: YES 
Compiler for C supports arguments -Wmissing-prototypes: YES 
Compiler for C supports arguments -Walloca: YES 
Compiler for C supports arguments -Wunused-macros: YES 
Compiler for C supports arguments -Wshadow: YES 
Compiler for C supports arguments -Wno-unused-parameter: YES 
Compiler for C supports arguments -Wno-expansion-to-defined: YES 
Program git found: YES (/usr/bin/git)
Found pkg-config: YES (/usr/bin/pkg-config) 1.8.1
Run-time dependency wlroots-0.19 found: YES 0.19.1
Run-time dependency wayland-server found: YES 1.24.0
Run-time dependency wayland-protocols found: YES 1.47
Run-time dependency xkbcommon found: YES 1.13.1
Run-time dependency xcb found: YES 1.17.0
Run-time dependency xcb-ewmh found: YES 0.4.2
Run-time dependency xcb-icccm found: YES 0.4.2
Run-time dependency libdrm found: YES 2.4.134
Run-time dependency libxml-2.0 found: YES 2.9.14
Run-time dependency glib-2.0 found: YES 2.84.4
Run-time dependency cairo found: YES 1.18.4
Run-time dependency pangocairo found: YES 1.56.3
Run-time dependency libinput found: YES 1.28.1
Run-time dependency pixman-1 found: YES 0.46.4
Library m found: YES
Run-time dependency libpng found: YES 1.6.48
Run-time dependency librsvg-2.0 found: YES 2.60.0
Run-time dependency libsfdo-basedir found: YES 0.1.3
Run-time dependency libsfdo-desktop found: YES 0.1.3
Run-time dependency libsfdo-icon found: YES 0.1.3
Run-time dependency xwayland found: YES 24.1.6
Header "libinput.h" has symbol "LIBINPUT_CONFIG_DRAG_LOCK_ENABLED_STICKY" with dependency libinput: YES 
Header "libinput.h" has symbol "LIBINPUT_CONFIG_3FG_DRAG_ENABLED_3FG" with dependency libinput: YES 
Program msgfmt found: YES (/usr/bin/msgfmt)
Program msgfmt found: YES (/usr/bin/msgfmt)
Program msginit found: YES (/usr/bin/msginit)
Program msgmerge found: YES (/usr/bin/msgmerge)
Program xgettext found: YES (/usr/bin/xgettext)
Program wayland-scanner found: YES (/usr/bin/wayland-scanner)
Configuring config.h using configuration
Program scdoc skipped: feature man-pages disabled
Run-time dependency wayland-client found: YES 1.24.0
Run-time dependency wayland-cursor found: YES 1.24.0
Dependency cmocka skipped: feature test disabled
Build targets in project: 51

labwc 0.9.8

  User defined options
    buildtype: release
    man-pages: disabled
    nls      : enabled
    prefix   : /usr
    xwayland : enabled

Found ninja-1.12.1 at /usr/bin/ninja
+ ninja -C build
ninja: Entering directory `build'
[1/229] Generating 'protocols/libserver_protos.a.p/xdg-shell-protocol.c'
[2/229] Generating 'protocols/libserver_protos.a.p/pointer-constraints-unstable-v1-protocol.c'
[3/229] Generating 'protocols/libserver_protos.a.p/tablet-v2-protocol.c'
[4/229] Generating 'protocols/libserver_protos.a.p/cursor-shape-v1-protocol.c'
[5/229] Generating 'protocols/libserver_protos.a.p/drm-lease-v1-protocol.c'
[6/229] Generating 'protocols/libserver_protos.a.p/xwayland-shell-v1-protocol.c'
[7/229] Generating 'protocols/libserver_protos.a.p/tearing-control-v1-protocol.c'
[8/229] Generating 'protocols/libserver_protos.a.p/ext-workspace-v1-protocol.c'
[9/229] Generating 'protocols/libserver_protos.a.p/ext-foreign-toplevel-list-v1-protocol.c'
[10/229] Generating 'protocols/libserver_protos.a.p/ext-image-capture-source-v1-protocol.c'
[11/229] Generating 'protocols/libserver_protos.a.p/cosmic-workspace-unstable-v1-protocol.c'
[12/229] Generating 'protocols/libserver_protos.a.p/wlr-layer-shell-unstable-v1-protocol.c'
[13/229] Generating 'protocols/libserver_protos.a.p/wlr-output-power-management-unstable-v1-protocol.c'
[14/229] Generating 'protocols/libserver_protos.a.p/ext-image-copy-capture-v1-protocol.c'
[15/229] Generating 'protocols/libserver_protos.a.p/cursor-shape-v1-protocol.h'
[16/229] Generating 'protocols/libserver_protos.a.p/pointer-constraints-unstable-v1-protocol.h'
[17/229] Generating 'protocols/libserver_protos.a.p/xwayland-shell-v1-protocol.h'
[18/229] Generating 'protocols/libserver_protos.a.p/tablet-v2-protocol.h'
[19/229] Generating 'protocols/libserver_protos.a.p/ext-foreign-toplevel-list-v1-protocol.h'
[20/229] Generating 'protocols/libserver_protos.a.p/drm-lease-v1-protocol.h'
[21/229] Generating 'protocols/libserver_protos.a.p/tearing-control-v1-protocol.h'
[22/229] Generating 'protocols/libserver_protos.a.p/ext-workspace-v1-protocol.h'
[23/229] Generating 'protocols/libserver_protos.a.p/ext-image-capture-source-v1-protocol.h'
[24/229] Generating 'protocols/libserver_protos.a.p/cosmic-workspace-unstable-v1-protocol.h'
[25/229] Generating 'protocols/libserver_protos.a.p/xdg-shell-protocol.h'
[26/229] Generating 'protocols/libserver_protos.a.p/ext-image-copy-capture-v1-protocol.h'
[27/229] Generating 'protocols/libserver_protos.a.p/wlr-output-power-management-unstable-v1-protocol.h'
[28/229] Generating 'protocols/libserver_protos.a.p/wlr-layer-shell-unstable-v1-protocol.h'
[29/229] Generating clients/__usr_share_wayland_protocols_stable_tablet_tablet_v2_xml_c with a custom command
[30/229] Generating clients/__usr_share_wayland_protocols_stable_xdg_shell_xdg_shell_xml_c with a custom command
[31/229] Generating clients/__usr_share_wayland_protocols_staging_cursor_shape_cursor_shape_v1_xml_c with a custom command
[32/229] Generating clients/__usr_share_wayland_protocols_stable_tablet_tablet_v2_xml_client_h with a custom command
[33/229] Generating clients/__usr_share_wayland_protocols_stable_xdg_shell_xdg_shell_xml_client_h with a custom command
[34/229] Compiling C object protocols/libserver_protos.a.p/meson-generated_pointer-constraints-unstable-v1-protocol.c.o
[35/229] Compiling C object protocols/libserver_protos.a.p/meson-generated_cursor-shape-v1-protocol.c.o
[36/229] Compiling C object protocols/libserver_protos.a.p/meson-generated_xdg-shell-protocol.c.o
[37/229] Compiling C object protocols/libserver_protos.a.p/meson-generated_tablet-v2-protocol.c.o
[38/229] Compiling C object protocols/libserver_protos.a.p/meson-generated_drm-lease-v1-protocol.c.o
[39/229] Compiling C object protocols/libserver_protos.a.p/meson-generated_xwayland-shell-v1-protocol.c.o
[40/229] Compiling C object protocols/libserver_protos.a.p/meson-generated_tearing-control-v1-protocol.c.o
[41/229] Compiling C object protocols/libserver_protos.a.p/meson-generated_ext-foreign-toplevel-list-v1-protocol.c.o
[42/229] Compiling C object protocols/libserver_protos.a.p/meson-generated_ext-workspace-v1-protocol.c.o
[43/229] Compiling C object protocols/libserver_protos.a.p/meson-generated_cosmic-workspace-unstable-v1-protocol.c.o
[44/229] Compiling C object protocols/libserver_protos.a.p/meson-generated_ext-image-capture-source-v1-protocol.c.o
[45/229] Compiling C object protocols/libserver_protos.a.p/meson-generated_ext-image-copy-capture-v1-protocol.c.o
[46/229] Generating clients/__usr_share_wayland_protocols_staging_cursor_shape_cursor_shape_v1_xml_client_h with a custom command
[47/229] Generating clients/___protocols_wlr_layer_shell_unstable_v1_xml_client_h with a custom command
[48/229] Generating 'clients/labnag.p/pointer-constraints-unstable-v1-protocol.h'
[49/229] Generating clients/___protocols_wlr_layer_shell_unstable_v1_xml_c with a custom command
[50/229] Generating 'clients/labnag.p/xdg-shell-protocol.h'
[51/229] Generating 'clients/labnag.p/tablet-v2-protocol.h'
[52/229] Generating 'clients/labnag.p/cursor-shape-v1-protocol.h'
[53/229] Generating 'clients/labnag.p/drm-lease-v1-protocol.h'
[54/229] Generating 'clients/labnag.p/xwayland-shell-v1-protocol.h'
[55/229] Generating 'clients/labnag.p/tearing-control-v1-protocol.h'
[56/229] Generating 'clients/labnag.p/ext-foreign-toplevel-list-v1-protocol.h'
[57/229] Generating 'clients/labnag.p/ext-workspace-v1-protocol.h'
[58/229] Compiling C object protocols/libserver_protos.a.p/meson-generated_wlr-output-power-management-unstable-v1-protocol.c.o
[59/229] Generating 'clients/labnag.p/ext-image-capture-source-v1-protocol.h'
[60/229] Generating 'clients/labnag.p/ext-image-copy-capture-v1-protocol.h'
[61/229] Generating 'clients/labnag.p/cosmic-workspace-unstable-v1-protocol.h'
[62/229] Generating 'clients/labnag.p/wlr-layer-shell-unstable-v1-protocol.h'
[63/229] Generating 'clients/labnag.p/wlr-output-power-management-unstable-v1-protocol.h'
[64/229] Generating 'labwc.p/pointer-constraints-unstable-v1-protocol.h'
[65/229] Generating 'labwc.p/drm-lease-v1-protocol.h'
[66/229] Compiling C object protocols/libserver_protos.a.p/meson-generated_wlr-layer-shell-unstable-v1-protocol.c.o
[67/229] Generating 'labwc.p/cursor-shape-v1-protocol.h'
[68/229] Generating 'labwc.p/xdg-shell-protocol.h'
[69/229] Generating 'labwc.p/tablet-v2-protocol.h'
[70/229] Generating 'labwc.p/tearing-control-v1-protocol.h'
[71/229] Generating 'labwc.p/ext-foreign-toplevel-list-v1-protocol.h'
[72/229] Generating 'labwc.p/ext-image-capture-source-v1-protocol.h'
[73/229] Generating 'labwc.p/xwayland-shell-v1-protocol.h'
[74/229] Generating 'labwc.p/ext-workspace-v1-protocol.h'
[75/229] Generating 'labwc.p/ext-image-copy-capture-v1-protocol.h'
[76/229] Generating 'labwc.p/cosmic-workspace-unstable-v1-protocol.h'
[77/229] Generating 'labwc.p/wlr-layer-shell-unstable-v1-protocol.h'
[78/229] Generating 'labwc.p/wlr-output-power-management-unstable-v1-protocol.h'
[79/229] Linking static target protocols/libserver_protos.a
[80/229] Compiling C object clients/labnag.p/meson-generated_.._cursor-shape-v1-protocol.c.o
[81/229] Compiling C object clients/labnag.p/meson-generated_.._tablet-v2-protocol.c.o
[82/229] Compiling C object clients/labnag.p/meson-generated_.._wlr-layer-shell-unstable-v1-protocol.c.o
[83/229] Compiling C object clients/labnag.p/meson-generated_.._xdg-shell-protocol.c.o
[84/229] Compiling C object labwc.p/src_desktop.c.o
[85/229] Compiling C object labwc.p/src_buffer.c.o
[86/229] Compiling C object clients/labnag.p/pool-buffer.c.o
[87/229] Compiling C object labwc.p/src_idle.c.o
[88/229] Compiling C object labwc.p/src_debug.c.o
[89/229] Compiling C object labwc.p/src_dnd.c.o
[90/229] Compiling C object labwc.p/src_interactive.c.o
[91/229] Compiling C object labwc.p/src_magnifier.c.o
[92/229] Compiling C object labwc.p/src_node.c.o
[93/229] Compiling C object labwc.p/src_layers.c.o
[94/229] Compiling C object labwc.p/src_output-state.c.o
[95/229] Compiling C object clients/labnag.p/labnag.c.o
[96/229] Compiling C object labwc.p/src_main.c.o
[97/229] Compiling C object labwc.p/src_edges.c.o
[98/229] Compiling C object labwc.p/src_output-virtual.c.o
[99/229] Compiling C object labwc.p/src_output.c.o
[100/229] Compiling C object labwc.p/src_overlay.c.o
[101/229] Compiling C object labwc.p/src_resize-outlines.c.o
[102/229] Compiling C object labwc.p/src_regions.c.o
[103/229] Compiling C object labwc.p/src_action.c.o
[104/229] Compiling C object labwc.p/src_placement.c.o
[105/229] Compiling C object labwc.p/src_resistance.c.o
[106/229] Compiling C object labwc.p/src_snap-constraints.c.o
[107/229] Compiling C object labwc.p/src_session-lock.c.o
[108/229] Compiling C object labwc.p/src_tearing.c.o
[109/229] Compiling C object labwc.p/src_snap.c.o
[110/229] Compiling C object labwc.p/src_server.c.o
[111/229] Compiling C object labwc.p/src_view-impl-common.c.o
[112/229] Compiling C object labwc.p/src_window-rules.c.o
[113/229] Compiling C object labwc.p/src_seat.c.o
[114/229] Compiling C object labwc.p/src_xdg-popup.c.o
[115/229] Compiling C object labwc.p/src_xwayland-unmanaged.c.o
[116/229] Compiling C object labwc.p/src_workspaces.c.o
[117/229] Compiling C object labwc.p/src_common_box.c.o
[118/229] Compiling C object labwc.p/src_desktop-entry.c.o
[119/229] Compiling C object labwc.p/src_common_buf.c.o
[120/229] Compiling C object labwc.p/src_common_dir.c.o
[121/229] Compiling C object labwc.p/src_common_edge.c.o
[122/229] Compiling C object labwc.p/src_common_fd-util.c.o
[123/229] Compiling C object labwc.p/src_common_file-helpers.c.o
[124/229] Compiling C object labwc.p/src_xdg.c.o
[125/229] Compiling C object labwc.p/src_xwayland.c.o
[126/229] Compiling C object labwc.p/src_common_match.c.o
[127/229] Compiling C object labwc.p/src_common_lab-scene-rect.c.o
[128/229] Compiling C object labwc.p/src_common_mem.c.o
[129/229] Compiling C object labwc.p/src_common_font.c.o
[130/229] Compiling C object labwc.p/src_common_graphic-helpers.c.o
[131/229] Compiling C object labwc.p/src_common_nodename.c.o
[132/229] Compiling C object labwc.p/src_theme.c.o
[133/229] Compiling C object labwc.p/src_common_node-type.c.o
[134/229] Compiling C object labwc.p/src_common_parse-bool.c.o
[135/229] Compiling C object labwc.p/src_common_parse-double.c.o
[136/229] Compiling C object labwc.p/src_common_set.c.o
[137/229] Compiling C object labwc.p/src_common_scene-helpers.c.o
[138/229] Compiling C object labwc.p/src_common_string-helpers.c.o
[139/229] Compiling C object labwc.p/src_common_spawn.c.o
[140/229] Compiling C object labwc.p/src_common_xml.c.o
[141/229] Compiling C object labwc.p/src_config_session.c.o
[142/229] Compiling C object labwc.p/src_config_mousebind.c.o
[143/229] Compiling C object labwc.p/src_config_tablet-tool.c.o
[144/229] Compiling C object labwc.p/src_config_touch.c.o
[145/229] Compiling C object labwc.p/src_config_keybind.c.o
[146/229] Compiling C object labwc.p/src_config_libinput.c.o
[147/229] Compiling C object labwc.p/src_config_tablet.c.o
[148/229] Compiling C object labwc.p/src_view.c.o
[149/229] Compiling C object labwc.p/src_cycle_osd-scroll.c.o
[150/229] Compiling C object labwc.p/src_cycle_osd-field.c.o
[151/229] Compiling C object labwc.p/src_cycle_osd-classic.c.o
[152/229] Compiling C object labwc.p/src_foreign-toplevel_foreign.c.o
[153/229] Compiling C object labwc.p/src_decorations_kde-deco.c.o
[154/229] Compiling C object labwc.p/src_cycle_osd-thumbnail.c.o
[155/229] Compiling C object labwc.p/src_cycle_cycle.c.o
[156/229] Compiling C object labwc.p/src_decorations_xdg-deco.c.o
[157/229] Compiling C object labwc.p/src_foreign-toplevel_ext-foreign.c.o
[158/229] Compiling C object labwc.p/src_img_img-png.c.o
[159/229] Compiling C object labwc.p/src_foreign-toplevel_wlr-foreign.c.o
[160/229] Compiling C object labwc.p/src_img_img-xbm.c.o
[161/229] Compiling C object labwc.p/src_img_img.c.o
[162/229] Compiling C object labwc.p/src_img_img-xpm.c.o
[163/229] Compiling C object labwc.p/src_input_gestures.c.o
[164/229] Compiling C object labwc.p/src_input_tablet-pad.c.o
[165/229] Compiling C object labwc.p/src_config_rcxml.c.o
[166/229] Compiling C object labwc.p/src_img_img-svg.c.o
[167/229] Compiling C object labwc.p/src_input_input.c.o
[168/229] Compiling C object labwc.p/src_input_key-state.c.o
[169/229] Compiling C object labwc.p/src_input_tablet.c.o
[170/229] Compiling C object labwc.p/src_input_ime.c.o
[171/229] Compiling C object labwc.p/src_input_touch.c.o
[172/229] Compiling C object labwc.p/src_protocols_transaction-addon.c.o
[173/229] Compiling C object labwc.p/src_input_cursor.c.o
[174/229] Compiling C object labwc.p/src_input_keyboard.c.o
[175/229] Compiling C object labwc.p/src_protocols_cosmic_workspaces_output.c.o
[176/229] Compiling C object labwc.p/src_protocols_ext-workspace_output.c.o
[177/229] Compiling C object labwc.p/src_scaled-buffer_scaled-font-buffer.c.o
[178/229] Compiling C object labwc.p/src_scaled-buffer_scaled-img-buffer.c.o
[179/229] Compiling C object labwc.p/src_protocols_ext-workspace_ext-workspace.c.o
[180/229] Compiling C object labwc.p/src_scaled-buffer_scaled-buffer.c.o
[181/229] Compiling C object labwc.p/src_protocols_cosmic_workspaces_cosmic-workspaces.c.o
[182/229] Compiling C object labwc.p/src_menu_menu.c.o
[183/229] Compiling C object labwc.p/src_scaled-buffer_scaled-icon-buffer.c.o
[184/229] Compiling C object labwc.p/src_ssd_ssd-button.c.o
[185/229] Compiling C object labwc.p/src_ssd_resize-indicator.c.o
[186/229] Building translation po/ar/LC_MESSAGES/labwc-ar.mo
[187/229] Building translation po/ca/LC_MESSAGES/labwc-ca.mo
[188/229] Building translation po/cs/LC_MESSAGES/labwc-cs.mo
[189/229] Building translation po/da/LC_MESSAGES/labwc-da.mo
[190/229] Building translation po/de/LC_MESSAGES/labwc-de.mo
[191/229] Building translation po/el/LC_MESSAGES/labwc-el.mo
[192/229] Building translation po/es/LC_MESSAGES/labwc-es.mo
[193/229] Building translation po/et/LC_MESSAGES/labwc-et.mo
[194/229] Compiling C object labwc.p/src_ssd_ssd.c.o
[195/229] Building translation po/eu/LC_MESSAGES/labwc-eu.mo
[196/229] Building translation po/fa/LC_MESSAGES/labwc-fa.mo
[197/229] Building translation po/fi/LC_MESSAGES/labwc-fi.mo
[198/229] Building translation po/fr/LC_MESSAGES/labwc-fr.mo
[199/229] Building translation po/gl/LC_MESSAGES/labwc-gl.mo
[200/229] Building translation po/he/LC_MESSAGES/labwc-he.mo
[201/229] Building translation po/hu/LC_MESSAGES/labwc-hu.mo
[202/229] Building translation po/hr/LC_MESSAGES/labwc-hr.mo
[203/229] Building translation po/id/LC_MESSAGES/labwc-id.mo
[204/229] Building translation po/it/LC_MESSAGES/labwc-it.mo
[205/229] Building translation po/ja/LC_MESSAGES/labwc-ja.mo
[206/229] Building translation po/kk/LC_MESSAGES/labwc-kk.mo
[207/229] Building translation po/ka/LC_MESSAGES/labwc-ka.mo
[208/229] Building translation po/ko/LC_MESSAGES/labwc-ko.mo
[209/229] Building translation po/lt/LC_MESSAGES/labwc-lt.mo
[210/229] Compiling C object labwc.p/src_ssd_ssd-border.c.o
[211/229] Building translation po/ms/LC_MESSAGES/labwc-ms.mo
[212/229] Building translation po/nl/LC_MESSAGES/labwc-nl.mo
[213/229] Building translation po/pa/LC_MESSAGES/labwc-pa.mo
[214/229] Building translation po/pl/LC_MESSAGES/labwc-pl.mo
[215/229] Building translation po/pt/LC_MESSAGES/labwc-pt.mo
[216/229] Building translation po/ru/LC_MESSAGES/labwc-ru.mo
[217/229] Building translation po/pt_BR/LC_MESSAGES/labwc-pt_BR.mo
[218/229] Building translation po/sk/LC_MESSAGES/labwc-sk.mo
[219/229] Building translation po/sv/LC_MESSAGES/labwc-sv.mo
[220/229] Building translation po/tr/LC_MESSAGES/labwc-tr.mo
[221/229] Building translation po/uk/LC_MESSAGES/labwc-uk.mo
[222/229] Building translation po/vi/LC_MESSAGES/labwc-vi.mo
[223/229] Building translation po/zh_CN/LC_MESSAGES/labwc-zh_CN.mo
[224/229] Building translation po/zh_TW/LC_MESSAGES/labwc-zh_TW.mo
[225/229] Compiling C object labwc.p/src_ssd_ssd-titlebar.c.o
[226/229] Compiling C object labwc.p/src_ssd_ssd-extents.c.o
[227/229] Linking target clients/labnag
[228/229] Compiling C object labwc.p/src_ssd_ssd-shadow.c.o
[229/229] Linking target labwc
+ rm -rf /tmp/work/pkgroot
+ DESTDIR=/tmp/work/pkgroot
+ ninja -C build install
ninja: Entering directory `build'
[0/1] Installing files
Installing po/ar/LC_MESSAGES/labwc.mo to /tmp/work/pkgroot/usr/share/locale/ar/LC_MESSAGES
Installing po/ca/LC_MESSAGES/labwc.mo to /tmp/work/pkgroot/usr/share/locale/ca/LC_MESSAGES
Installing po/cs/LC_MESSAGES/labwc.mo to /tmp/work/pkgroot/usr/share/locale/cs/LC_MESSAGES
Installing po/da/LC_MESSAGES/labwc.mo to /tmp/work/pkgroot/usr/share/locale/da/LC_MESSAGES
Installing po/de/LC_MESSAGES/labwc.mo to /tmp/work/pkgroot/usr/share/locale/de/LC_MESSAGES
Installing po/el/LC_MESSAGES/labwc.mo to /tmp/work/pkgroot/usr/share/locale/el/LC_MESSAGES
Installing po/es/LC_MESSAGES/labwc.mo to /tmp/work/pkgroot/usr/share/locale/es/LC_MESSAGES
Installing po/et/LC_MESSAGES/labwc.mo to /tmp/work/pkgroot/usr/share/locale/et/LC_MESSAGES
Installing po/eu/LC_MESSAGES/labwc.mo to /tmp/work/pkgroot/usr/share/locale/eu/LC_MESSAGES
Installing po/fa/LC_MESSAGES/labwc.mo to /tmp/work/pkgroot/usr/share/locale/fa/LC_MESSAGES
Installing po/fi/LC_MESSAGES/labwc.mo to /tmp/work/pkgroot/usr/share/locale/fi/LC_MESSAGES
Installing po/fr/LC_MESSAGES/labwc.mo to /tmp/work/pkgroot/usr/share/locale/fr/LC_MESSAGES
Installing po/gl/LC_MESSAGES/labwc.mo to /tmp/work/pkgroot/usr/share/locale/gl/LC_MESSAGES
Installing po/he/LC_MESSAGES/labwc.mo to /tmp/work/pkgroot/usr/share/locale/he/LC_MESSAGES
Installing po/hr/LC_MESSAGES/labwc.mo to /tmp/work/pkgroot/usr/share/locale/hr/LC_MESSAGES
Installing po/hu/LC_MESSAGES/labwc.mo to /tmp/work/pkgroot/usr/share/locale/hu/LC_MESSAGES
Installing po/id/LC_MESSAGES/labwc.mo to /tmp/work/pkgroot/usr/share/locale/id/LC_MESSAGES
Installing po/it/LC_MESSAGES/labwc.mo to /tmp/work/pkgroot/usr/share/locale/it/LC_MESSAGES
Installing po/ja/LC_MESSAGES/labwc.mo to /tmp/work/pkgroot/usr/share/locale/ja/LC_MESSAGES
Installing po/ka/LC_MESSAGES/labwc.mo to /tmp/work/pkgroot/usr/share/locale/ka/LC_MESSAGES
Installing po/kk/LC_MESSAGES/labwc.mo to /tmp/work/pkgroot/usr/share/locale/kk/LC_MESSAGES
Installing po/ko/LC_MESSAGES/labwc.mo to /tmp/work/pkgroot/usr/share/locale/ko/LC_MESSAGES
Installing po/lt/LC_MESSAGES/labwc.mo to /tmp/work/pkgroot/usr/share/locale/lt/LC_MESSAGES
Installing po/ms/LC_MESSAGES/labwc.mo to /tmp/work/pkgroot/usr/share/locale/ms/LC_MESSAGES
Installing po/nl/LC_MESSAGES/labwc.mo to /tmp/work/pkgroot/usr/share/locale/nl/LC_MESSAGES
Installing po/pa/LC_MESSAGES/labwc.mo to /tmp/work/pkgroot/usr/share/locale/pa/LC_MESSAGES
Installing po/pl/LC_MESSAGES/labwc.mo to /tmp/work/pkgroot/usr/share/locale/pl/LC_MESSAGES
Installing po/pt/LC_MESSAGES/labwc.mo to /tmp/work/pkgroot/usr/share/locale/pt/LC_MESSAGES
Installing po/pt_BR/LC_MESSAGES/labwc.mo to /tmp/work/pkgroot/usr/share/locale/pt_BR/LC_MESSAGES
Installing po/ru/LC_MESSAGES/labwc.mo to /tmp/work/pkgroot/usr/share/locale/ru/LC_MESSAGES
Installing po/sk/LC_MESSAGES/labwc.mo to /tmp/work/pkgroot/usr/share/locale/sk/LC_MESSAGES
Installing po/sv/LC_MESSAGES/labwc.mo to /tmp/work/pkgroot/usr/share/locale/sv/LC_MESSAGES
Installing po/tr/LC_MESSAGES/labwc.mo to /tmp/work/pkgroot/usr/share/locale/tr/LC_MESSAGES
Installing po/uk/LC_MESSAGES/labwc.mo to /tmp/work/pkgroot/usr/share/locale/uk/LC_MESSAGES
Installing po/vi/LC_MESSAGES/labwc.mo to /tmp/work/pkgroot/usr/share/locale/vi/LC_MESSAGES
Installing po/zh_CN/LC_MESSAGES/labwc.mo to /tmp/work/pkgroot/usr/share/locale/zh_CN/LC_MESSAGES
Installing po/zh_TW/LC_MESSAGES/labwc.mo to /tmp/work/pkgroot/usr/share/locale/zh_TW/LC_MESSAGES
Installing clients/labnag to /tmp/work/pkgroot/usr/bin
Installing labwc to /tmp/work/pkgroot/usr/bin
Installing /tmp/work/labwc/docs/autostart to /tmp/work/pkgroot/usr/share/doc/labwc
Installing /tmp/work/labwc/docs/environment to /tmp/work/pkgroot/usr/share/doc/labwc
Installing /tmp/work/labwc/docs/menu.xml to /tmp/work/pkgroot/usr/share/doc/labwc
Installing /tmp/work/labwc/docs/README to /tmp/work/pkgroot/usr/share/doc/labwc
Installing /tmp/work/labwc/docs/shutdown to /tmp/work/pkgroot/usr/share/doc/labwc
Installing /tmp/work/labwc/docs/themerc to /tmp/work/pkgroot/usr/share/doc/labwc
Installing /tmp/work/labwc/docs/rc.xml to /tmp/work/pkgroot/usr/share/doc/labwc
Installing /tmp/work/labwc/docs/rc.xml.all to /tmp/work/pkgroot/usr/share/doc/labwc
Installing /tmp/work/labwc/clients/lab-sensible-terminal to /tmp/work/pkgroot/usr/bin
Installing /tmp/work/labwc/data/labwc.desktop to /tmp/work/pkgroot/usr/share/wayland-sessions
Installing /tmp/work/labwc/data/labwc-portals.conf to /tmp/work/pkgroot/usr/share/xdg-desktop-portal
Installing /tmp/work/labwc/data/labwc-symbolic.svg to /tmp/work/pkgroot/usr/share/icons/hicolor/scalable/apps
Installing /tmp/work/labwc/data/labwc.svg to /tmp/work/pkgroot/usr/share/icons/hicolor/scalable/apps
+ file /tmp/work/pkgroot/usr/bin/labwc
/tmp/work/pkgroot/usr/bin/labwc: ELF 64-bit LSB pie executable, ARM aarch64, version 1 (SYSV), dynamically linked, interpreter /lib/ld-linux-aarch64.so.1, BuildID[sha1]=2fa980405b8cfd7752ff08a37b60d1d661091f7f, for GNU/Linux 3.7.0, not stripped
+ ldd /tmp/work/pkgroot/usr/bin/labwc
+ grep -i 'not found'
+ true
+ PKG=labwc-taskbar-workspace
+ VER=0.9.8+ws3
+ D=/tmp/work/deb
+ rm -rf /tmp/work/deb
+ mkdir -p /tmp/work/deb/DEBIAN /tmp/work/deb/usr/bin
+ install -m755 /tmp/work/pkgroot/usr/bin/labwc /tmp/work/deb/usr/bin/labwc
+ cat
+ cat
+ cat
+ chmod 755 /tmp/work/deb/DEBIAN/preinst /tmp/work/deb/DEBIAN/postrm
+ dpkg-deb --root-owner-group --build /tmp/work/deb /__w/labwc-taskbar-per-workspace/labwc-taskbar-per-workspace/out/labwc-taskbar-workspace_0.9.8+ws3_arm64.deb
dpkg-deb: building package 'labwc-taskbar-workspace' in '/__w/labwc-taskbar-per-workspace/labwc-taskbar-per-workspace/out/labwc-taskbar-workspace_0.9.8+ws3_arm64.deb'.
+ dpkg-deb -I /__w/labwc-taskbar-per-workspace/labwc-taskbar-per-workspace/out/labwc-taskbar-workspace_0.9.8+ws3_arm64.deb
 new Debian package, version 2.0.
 size 195568 bytes: control archive=684 bytes.
     494 bytes,    11 lines      control
     151 bytes,     7 lines   *  postrm               #!/bin/sh
     169 bytes,     8 lines   *  preinst              #!/bin/sh
 Package: labwc-taskbar-workspace
 Version: 0.9.8+ws3
 Architecture: arm64
 Maintainer: hemomedua <noreply@users.noreply.github.com>
 Depends: labwc (>= 0.9.8), libwlroots-0.19
 Section: x11
 Priority: optional
 Description: labwc 0.9.8 with per-workspace taskbar filtering and menu toggle state
  Adds the option <desktops><taskbarCurrentWorkspaceOnly>yes</...> so that
  panels and taskbars only see windows on the current workspace.
  The original /usr/bin/labwc is diverted to /usr/bin/labwc.distrib.
+ ls -la /__w/labwc-taskbar-per-workspace/labwc-taskbar-per-workspace/out
total 200
drwxr-xr-x 2 root root   4096 Oct  9 01:27 .
drwxr-xr-x 8 1001 1001   4096 Oct  9 01:26 ..
-rw-r--r-- 1 root root 195568 Oct  9 01:27 labwc-taskbar-workspace_0.9.8+ws3_arm64.deb
